fixIdx,legIdx,tickLead,togo,area
1,2,-955.775958669273,60.676,0.0
2,2,-954.775958669273,60.669,0.0
3,2,-953.775958669273,60.664,0.0
5,2,-951.775958669273,60.662,0.0
6,2,-950.775958669273,60.658,0.0
7,2,-949.775958669273,60.651,0.0
8,2,-948.775958669273,60.646,0.0
9,2,-947.775958669273,60.635,0.0
10,2,-946.775958669273,60.629,0.0
12,2,-944.775958669273,60.628,0.0
13,2,-943.775958669273,60.622,0.0
14,2,-942.775958669273,60.617,0.0
15,2,-941.775958669273,60.606,0.0
16,2,-940.775958669273,60.601,0.0
17,2,-939.775958669273,60.593,0.0
18,2,-938.775958669273,60.588,0.0
19,2,-937.775958669273,60.586,0.0
20,2,-936.775958669273,60.582,0.0
21,2,-935.775958669273,60.577,0.0
22,2,-934.775958669273,60.571,0.0
23,2,-933.775958669273,60.564,0.0
24,2,-932.775958669273,60.554,0.0
25,2,-931.775958669273,60.546,0.0
26,2,-930.775958669273,60.536,0.0
27,2,-929.775958669273,60.531,0.0
28,2,-928.775958669273,60.525,0.0
29,2,-927.775958669273,60.518,0.0
30,2,-926.775958669273,60.513,0.0
31,2,-925.775958669273,60.507,0.0
32,2,-924.775958669273,60.498,0.0
33,2,-923.775958669273,60.492,0.0
34,2,-922.775958669273,60.484,0.0
35,2,-921.775958669273,60.475,0.0
36,2,-920.775958669273,60.47,0.0
37,2,-919.775958669273,60.468,0.0
38,2,-918.775958669273,60.463,0.0
39,2,-917.775958669273,60.459,0.0
40,2,-916.775958669273,60.452,0.0
41,2,-915.775958669273,60.442,0.0
42,2,-914.775958669273,60.437,0.0
43,2,-913.775958669273,60.43,0.0
44,2,-912.775958669273,60.421,0.0
45,2,-911.775958669273,60.416,0.0
46,2,-910.775958669273,60.409,0.0
47,2,-909.775958669273,60.4,0.0
48,2,-908.775958669273,60.395,0.0
49,2,-907.775958669273,60.387,0.0
50,2,-906.775958669273,60.378,0.0
51,2,-905.775958669273,60.371,0.0
52,2,-904.775958669273,60.362,0.0
53,2,-903.775958669273,60.355,0.0
54,2,-902.775958669273,60.346,0.0
55,2,-901.775958669273,60.34,0.0
56,2,-900.775958669273,60.332,0.0
57,2,-899.775958669273,60.325,0.0
58,2,-898.775958669273,60.317,0.0
59,2,-897.775958669273,60.313,0.0
60,2,-896.775958669273,60.307,0.0
61,2,-895.775958669273,60.306,0.0
62,2,-894.775958669273,60.303,0.0
63,2,-893.775958669273,60.298,0.0
64,2,-892.775958669273,60.293,0.0
65,2,-891.775958669273,60.289,0.0
66,2,-890.775958669273,60.284,0.0
67,2,-889.775958669273,60.28,0.0
70,2,-886.775958669273,60.278,0.0
73,2,-883.775958669273,60.276,0.0
139,2,-817.775958669273,60.271,0.0
140,2,-816.775958669273,60.266,0.0
141,2,-815.775958669273,60.264,0.0
142,2,-814.775958669273,60.26,0.0
145,2,-811.775958669273,60.254,0.0
146,2,-810.775958669273,60.247,0.0
147,2,-809.775958669273,60.237,0.0
148,2,-808.775958669273,60.232,0.0
149,2,-807.775958669273,60.229,0.0
151,2,-805.775958669273,60.225,0.0
152,2,-804.775958669273,60.223,0.0
153,2,-803.775958669273,60.214,0.0
154,2,-802.775958669273,60.209,0.0
155,2,-801.775958669273,60.203,0.0
156,2,-800.775958669273,60.197,0.0
157,2,-799.775958669273,60.196,0.0
158,2,-798.775958669273,60.194,0.0
159,2,-797.775958669273,60.19,0.0
160,2,-796.775958669273,60.183,0.0
161,2,-795.775958669273,60.18,0.0
162,2,-794.775958669273,60.176,0.0
163,2,-793.775958669273,60.173,0.0
165,2,-791.775958669273,60.172,0.0
166,2,-790.775958669273,60.166,0.0
167,2,-789.775958669273,60.164,0.0
168,2,-788.775958669273,60.162,0.0
169,2,-787.775958669273,60.158,0.0
170,2,-786.775958669273,60.152,0.0
171,2,-785.775958669273,60.149,0.0
172,2,-784.775958669273,60.143,0.0
173,2,-783.775958669273,60.141,0.0
174,2,-782.775958669273,60.137,0.0
175,2,-781.775958669273,60.131,0.0
176,2,-780.775958669273,60.127,0.0
177,2,-779.775958669273,60.123,0.0
178,2,-778.775958669273,60.116,0.0
179,2,-777.775958669273,60.11,0.0
180,2,-776.775958669273,60.103,0.0
181,2,-775.775958669273,60.098,0.0
182,2,-774.775958669273,60.094,0.0
183,2,-773.775958669273,60.089,0.0
184,2,-772.775958669273,60.087,0.0
185,2,-771.775958669273,60.082,0.0
186,2,-770.775958669273,60.077,0.0
187,2,-769.775958669273,60.072,0.0
188,2,-768.775958669273,60.066,0.0
189,2,-767.775958669273,60.062,0.0
190,2,-766.775958669273,60.06,0.0
193,2,-763.775958669273,60.059,0.0
194,2,-762.775958669273,60.058,0.0
195,2,-761.775958669273,60.056,0.0
196,2,-760.775958669273,60.051,0.0
197,2,-759.775958669273,60.047,0.0
198,2,-758.775958669273,60.041,0.0
199,2,-757.775958669273,60.036,0.0
200,2,-756.775958669273,60.034,0.0
201,2,-755.775958669273,60.028,0.0
202,2,-754.775958669273,60.019,0.0
203,2,-753.775958669273,60.013,0.0
204,2,-752.775958669273,60.008,0.0
205,2,-751.775958669273,60.0,0.0
206,2,-750.775958669273,59.995,0.0
207,2,-749.775958669273,59.986,0.0
208,2,-748.775958669273,59.98,0.0
209,2,-747.775958669273,59.972,0.0
210,2,-746.775958669273,59.966,0.0
211,2,-745.775958669273,59.961,0.0
212,2,-744.775958669273,59.955,0.0
213,2,-743.775958669273,59.945,0.0
214,2,-742.775958669273,59.938,0.0
215,2,-741.775958669273,59.929,0.0
216,2,-740.775958669273,59.921,0.0
217,2,-739.775958669273,59.911,0.0
218,2,-738.775958669273,59.905,0.0
219,2,-737.775958669273,59.899,0.0
220,2,-736.775958669273,59.893,0.0
221,2,-735.775958669273,59.887,0.0
222,2,-734.775958669273,59.883,0.0
223,2,-733.775958669273,59.882,0.0
809,2,-147.775958669273,59.879,0.0
810,2,-146.775958669273,59.876,0.0
811,2,-145.775958669273,59.87,0.0
812,2,-144.775958669273,59.865,0.0
813,2,-143.775958669273,59.86,0.0
814,2,-142.775958669273,59.853,0.0
815,2,-141.775958669273,59.844,0.0
816,2,-140.775958669273,59.841,0.0
817,2,-139.775958669273,59.833,0.0
818,2,-138.775958669273,59.828,0.0
819,2,-137.775958669273,59.821,0.0
820,2,-136.775958669273,59.814,0.0
821,2,-135.775958669273,59.809,0.0
822,2,-134.775958669273,59.801,0.0
823,2,-133.775958669273,59.795,0.0
824,2,-132.775958669273,59.793,0.0
825,2,-131.775958669273,59.788,0.0
826,2,-130.775958669273,59.781,0.0
827,2,-129.775958669273,59.777,0.0
828,2,-128.775958669273,59.768,0.0
829,2,-127.775958669273,59.757,0.0
830,2,-126.775958669273,59.748,0.0
831,2,-125.775958669273,59.739,0.0
832,2,-124.775958669273,59.733,0.0
833,2,-123.775958669273,59.724,0.0
834,2,-122.775958669273,59.716,0.0
835,2,-121.775958669273,59.708,0.0
836,2,-120.775958669273,59.699,0.0
837,2,-119.775958669273,59.693,0.0
838,2,-118.775958669273,59.685,0.0
839,2,-117.775958669273,59.68,0.0
840,2,-116.775958669273,59.672,0.0
841,2,-115.775958669273,59.66,0.0
842,2,-114.775958669273,59.651,0.0
843,2,-113.775958669273,59.64,0.0
844,2,-112.775958669273,59.632,0.0
845,2,-111.775958669273,59.627,0.0
846,2,-110.775958669273,59.618,0.0
847,2,-109.775958669273,59.611,0.0
848,2,-108.775958669273,59.604,0.0
849,2,-107.775958669273,59.594,0.0
850,2,-106.775958669273,59.584,0.0
851,2,-105.775958669273,59.574,0.0
852,2,-104.775958669273,59.566,0.0
853,2,-103.775958669273,59.558,0.0
854,2,-102.775958669273,59.549,0.0
855,2,-101.775958669273,59.541,0.0
856,2,-100.775958669273,59.53,0.0
857,2,-99.775958669273,59.522,0.0
858,2,-98.775958669273,59.511,0.0
859,2,-97.775958669273,59.503,0.0
860,2,-96.775958669273,59.495,0.0
861,2,-95.775958669273,59.489,0.0
862,2,-94.775958669273,59.48,0.0
863,2,-93.775958669273,59.473,0.0
864,2,-92.775958669273,59.46,0.0
865,2,-91.775958669273,59.452,0.0
866,2,-90.775958669273,59.44,0.0
867,2,-89.775958669273,59.431,0.0
868,2,-88.775958669273,59.421,0.0
869,2,-87.775958669273,59.413,0.0
870,2,-86.775958669273,59.405,0.0
871,2,-85.775958669273,59.399,0.0
872,2,-84.775958669273,59.394,0.0
873,2,-83.775958669273,59.391,0.0
874,2,-82.775958669273,59.385,0.0
875,2,-81.775958669273,59.382,0.0
876,2,-80.775958669273,59.38,0.0
880,2,-76.775958669273,59.379,0.0
881,2,-75.775958669273,59.377,0.0
882,2,-74.775958669273,59.373,0.0
883,2,-73.775958669273,59.371,0.0
885,2,-71.775958669273,59.369,0.0
888,2,-68.775958669273,59.366,0.0
889,2,-67.775958669273,59.362,0.0
890,2,-66.775958669273,59.359,0.0
891,2,-65.775958669273,59.356,0.0
892,2,-64.775958669273,59.352,0.0
893,2,-63.775958669273,59.346,0.0
894,2,-62.775958669273,59.344,0.0
895,2,-61.775958669273,59.34,0.0
896,2,-60.775958669273,59.338,0.0
898,2,-58.775958669273,59.337,0.0
1083,2,126.224041330727,59.336,14.979385656912891
1084,2,127.224041330727,59.33,90.58300853131574
1085,2,128.224041330727,59.325,76.07211812041788
1086,2,129.224041330727,59.319,91.98994295786014
1087,2,130.224041330727,59.314,77.2443434759802
1088,2,131.224041330727,59.308,93.39634938440453
1089,2,132.224041330727,59.304,62.733431961246
1090,2,133.224041330727,59.298,94.8038264994449
1091,2,134.224041330727,59.291,111.42246386166671
1092,2,135.224041330727,59.285,96.20595554899735
1093,2,136.224041330727,59.281,64.6061587376401
1094,2,137.224041330727,59.278,48.80743534839084
1701,2,744.224041330727,59.275,264.6899783156551
1702,2,745.224041330727,59.267,706.7227864590246
1703,2,746.224041330727,59.259,707.5756057823623
1704,2,747.224041330727,59.25,796.9749652265983
1705,2,748.224041330727,59.243,620.6151793056264
1706,2,749.224041330727,59.235,710.1325277504922
1707,2,750.224041330727,59.227,710.9843230732021
1708,2,751.224041330727,59.22,622.8616381643171
1709,2,752.224041330727,59.214,534.5334126658001
1710,2,753.224041330727,59.205,802.7643397531207
1711,2,754.224041330727,59.198,625.1167241595866
1712,2,755.224041330727,59.189,804.6783772292175
1713,2,756.224041330727,59.182,626.6049719743281
1714,2,757.224041330727,59.179,268.87738426784875
1715,2,758.224041330727,59.173,538.4239904374656
1716,2,759.224041330727,59.167,539.0794383064898
1717,2,760.224041330727,59.159,719.6341593162372
1718,2,761.224041330727,59.153,540.3716326675464
1719,2,762.224041330727,59.146,631.192393057496
1720,2,763.224041330727,59.14,541.6723137170987
1721,2,764.224041330727,59.135,451.9429924421899
1722,2,765.224041330727,59.129,542.9907361436432
1723,2,766.224041330727,59.123,543.6451520126674
1724,2,767.224041330727,59.117,544.2994238816916
1725,2,768.224041330727,59.112,454.1318009120396
1726,2,769.224041330727,59.107,454.6844847106187
1727,2,770.224041330727,59.105,182.09944874779833
1728,2,771.224041330727,59.103,182.32970295482022
1729,2,772.224041330727,59.102,91.28074280593444
2412,2,1455.224041330727,59.093,1548.001850084604
2413,2,1456.224041330727,59.081,2065.0538383226863
2414,2,1457.224041330727,59.065,2754.643065393881
2415,2,1458.224041330727,59.05,2583.57198962678
2416,2,1459.224041330727,59.034,2756.976187143657
2417,2,1460.224041330727,59.021,2241.027739590563
2418,2,1461.224041330727,59.008,2242.0685608645936
2419,2,1462.224041330727,58.992,2760.6789900333347
2420,2,1463.224041330727,58.976,2761.817819322947
2421,2,1464.224041330727,58.96,2762.9556246137854
2422,2,1465.224041330727,58.944,2764.0924059046242
2423,2,1466.224041330727,58.928,2765.2281631966907
2424,2,1467.224041330727,58.917,1901.9551886560678
2425,2,1468.224041330727,58.902,2594.770324883272
2426,2,1469.224041330727,58.888,2422.83859759735
2427,2,1470.224041330727,58.874,2423.9113297719186
2428,2,1471.224041330727,58.86,2424.9832779489475
2429,2,1472.224041330727,58.843,2945.84816772405
2430,2,1473.224041330727,58.829,2427.001071481073
2431,2,1474.224041330727,58.815,2428.0705836568713
2432,2,1475.224041330727,58.802,2255.648538899224
2433,2,1476.224041330727,58.786,2777.3797211516544
2434,2,1477.224041330727,58.776,1736.6541274688839
2435,2,1478.224041330727,58.761,2606.190287188444
2436,2,1479.224041330727,58.751,1738.2657554494533
2437,2,1480.224041330727,58.744,1217.4324661527105
2438,2,1481.224041330727,58.734,1740.1123792741653
2439,2,1482.224041330727,58.731,522.3283410447614
3722,2,2765.224041330727,58.724,2273.5257284231284
3723,2,2766.224041330727,58.713,3573.427580157919
3724,2,2767.224041330727,58.702,3574.049718942225
3725,2,2768.224041330727,58.688,4549.465482964029
3726,2,2769.224041330727,58.674,4550.023407142136
3727,2,2770.224041330727,58.66,4550.580547317935
3728,2,2771.224041330727,58.645,4876.176542522388
3729,2,2772.224041330727,58.632,4226.535545638568
3730,2,2773.224041330727,58.621,3576.857223698264
3731,2,2774.224041330727,58.606,4878.209425396341
3732,2,2775.224041330727,58.594,3903.0750917276823
3733,2,2776.224041330727,58.581,4228.952676557453
3734,2,2777.224041330727,58.567,4554.847387914311
3735,2,2778.224041330727,58.553,4555.39839609011
3736,2,2779.224041330727,58.537,5206.709487990063
3737,2,2780.224041330727,58.525,3905.5030407152385
3738,2,2781.224041330727,58.51,4882.508335157309
3739,2,2782.224041330727,58.498,3906.509647536456
3740,2,2783.224041330727,58.484,4558.219607239946
3741,2,2784.224041330727,58.472,3907.580483734666
3742,2,2785.224041330727,58.459,4233.827420898351
3743,2,2786.224041330727,58.446,4234.405780174696
3744,2,2787.224041330727,58.433,4234.983463446411
3745,2,2788.224041330727,58.422,3583.99712384763
3746,2,2789.224041330727,58.409,4236.281841644621
3747,2,2790.224041330727,58.399,3259.204898196947
3748,2,2791.224041330727,58.386,4237.650295667905
3749,2,2792.224041330727,58.375,3586.251584188895
3750,2,2793.224041330727,58.365,3260.809745848842
3751,2,2794.224041330727,58.356,2935.301618953585
3752,2,2795.224041330727,58.345,3588.2598493216174
3753,2,2796.224041330727,58.333,3915.0939443327866
3754,2,2797.224041330727,58.323,3263.1296776541235
3755,2,2798.224041330727,58.311,3916.4167540389644
3756,2,2799.224041330727,58.299,3917.010185515061
3757,2,2800.224041330727,58.287,3917.6030409911577
3758,2,2801.224041330727,58.279,2612.2198528126123
3759,2,2802.224041330727,58.268,3592.498858795604
3760,2,2803.224041330727,58.259,2939.861590777422
3761,2,2804.224041330727,58.248,3593.8290342174187
3762,2,2805.224041330727,58.239,2940.9491961225426
3763,2,2806.224041330727,58.227,3921.9562703716415
3764,2,2807.224041330727,58.216,3595.6974794899998
3765,2,2808.224041330727,58.206,3269.3905933974083
3766,2,2809.224041330727,58.194,3923.924140930908
3767,2,2810.224041330727,58.184,3270.4825348215463
3768,2,2811.224041330727,58.173,3598.1615535469
3769,2,2812.224041330727,58.163,3271.628960724188
3770,2,2813.224041330727,58.152,3599.4216980398046
3771,2,2814.224041330727,58.142,3272.7737066245045
3772,2,2815.224041330727,58.131,3600.6799945350353
3773,2,2816.224041330727,58.121,3273.916772527145
3774,2,2817.224041330727,58.108,4256.76073029949
3775,2,2818.224041330727,58.097,3602.4089719497933
3776,2,2819.224041330727,58.087,3275.4872601790403
3777,2,2820.224041330727,58.075,3931.2343810688676
3778,2,2821.224041330727,58.065,3276.5696016031825
3779,2,2822.224041330727,58.057,2621.7784010178
3780,2,2823.224041330727,58.046,3605.632589577748
3781,2,2824.224041330727,58.036,3278.415751656882
3782,2,2825.224041330727,58.028,2623.2544250649516
3783,2,2826.224041330727,58.02,2623.8211803853314
3784,2,2827.224041330727,58.008,3936.4458128104084
3785,2,2828.224041330727,57.999,2952.8440772639947
3786,2,2829.224041330727,57.988,3609.685297701011
3787,2,2830.224041330727,57.98,2625.723373001211
3788,2,2831.224041330727,57.97,3282.8042759223245
3789,2,2832.224041330727,57.961,2955.083088019724
3790,2,2833.224041330727,57.95,3612.4201504001257
3791,2,2834.224041330727,57.94,3284.5822414998597
3792,2,2835.224041330727,57.928,3942.140870651053
3793,2,2836.224041330727,57.919,2957.112418644478
3794,2,2837.224041330727,57.911,2629.0852856572474
3795,2,2838.224041330727,57.903,2629.6486329822924
3796,2,2839.224041330727,57.89,4273.909502430898
3797,2,2840.224041330727,57.88,3288.1273726479285
3798,2,2841.224041330727,57.868,3946.3920040315375
3799,2,2842.224041330727,57.858,3289.1921940720795
3800,2,2843.224041330727,57.846,3947.6687337377143
3801,2,2844.224041330727,57.838,2632.2497119769714
3802,2,2845.224041330727,57.828,3290.956839644944
3803,2,2846.224041330727,57.819,2962.4154453700835
3804,2,2847.224041330727,57.811,2633.796127193455
3805,2,2848.224041330727,57.801,3292.8887786626246
3806,2,2849.224041330727,57.793,2634.825630669552
3807,2,2850.224041330727,57.783,3294.1749380077454
3808,2,2851.224041330727,57.774,2965.3100688966056
3809,2,2852.224041330727,57.763,3624.9114996964277
3810,2,2853.224041330727,57.751,3955.047862923481
3811,2,2854.224041330727,57.738,4285.209244019557
3812,2,2855.224041330727,57.728,3296.8129915622812
3813,2,2856.224041330727,57.715,4286.503936042842
3814,2,2857.224041330727,57.703,3957.301012827868
3815,2,2858.224041330727,57.692,3628.07239574387
3816,2,2859.224041330727,57.681,3628.649808525868
3817,2,2860.224041330727,57.67,3629.226737305522
3818,2,2861.224041330727,57.66,3299.849686868415
3819,2,2862.224041330727,57.647,4290.448077937768
3820,2,2863.224041330727,57.635,3960.938327192416
3821,2,2864.224041330727,57.623,3961.496814668513
3822,2,2865.224041330727,57.612,3631.915016428783
3823,2,2866.224041330727,57.601,3632.488975213127
3824,2,2867.224041330727,57.593,2642.2960497349495
3825,2,2868.224041330727,57.583,3303.505721844768
3826,2,2869.224041330727,57.574,2973.701096347815
3827,2,2870.224041330727,57.563,3635.158839912227
3828,2,2871.224041330727,57.553,3305.2382674199703
3829,2,2872.224041330727,57.54,4297.447460654786
3830,2,2873.224041330727,57.531,2975.6228729398254
3831,2,2874.224041330727,57.518,4298.795822503144
3832,2,2875.224041330727,57.507,3637.9490988956563
3833,2,2876.224041330727,57.495,3969.258206413545
3834,2,2877.224041330727,57.481,4631.363959263192
3835,2,2878.224041330727,57.469,3970.222242611755
3836,2,2879.224041330727,57.459,3309.0346062199196
3837,2,2880.224041330727,57.446,4302.377865100124
3838,2,2881.224041330727,57.436,3310.007803160907
3839,2,2882.224041330727,57.424,3972.627040647118
3840,2,2883.224041330727,57.412,3973.1749921232145
3841,2,2884.224041330727,57.4,3973.7223675993114
3842,2,2885.224041330727,57.387,4305.420756418371
3843,2,2886.224041330727,57.375,3974.746121174513
3844,2,2887.224041330727,57.364,3644.0491920616314
3845,2,2888.224041330727,57.355,2982.0075641768894
3846,2,2889.224041330727,57.343,3976.6586291084163
3847,2,2890.224041330727,57.33,4308.598599391473
3848,2,2891.224041330727,57.319,3646.2353962583593
3849,2,2892.224041330727,57.306,4309.775349589683
3850,2,2893.224041330727,57.294,3978.761701638166
3851,2,2894.224041330727,57.282,3979.3033651142628
3852,2,2895.224041330727,57.27,3979.844452588003
3853,2,2896.224041330727,57.258,3980.3849640664566
3854,2,2897.224041330727,57.246,3980.9248995425537
3855,2,2898.224041330727,57.234,3981.4642590186504
3856,2,2899.224041330727,57.222,3982.0030424947468
3857,2,2900.224041330727,57.21,3982.5412499708436
3858,2,2901.224041330727,57.2,3319.290425685824
3859,2,2902.224041330727,57.188,3983.755243677021
3860,2,2903.224041330727,57.176,3984.291771153118
3861,2,2904.224041330727,57.166,3320.7478533400786
3862,2,2905.224041330727,57.152,4649.671627394448
3863,2,2906.224041330727,57.14,3985.8978975814084
3864,2,2907.224041330727,57.128,3986.432121057505
3865,2,2908.224041330727,57.113,4983.576340585142
3866,2,2909.224041330727,57.1,4319.525670621959
3867,2,2910.224041330727,57.09,3323.184832794896
3868,2,2911.224041330727,57.078,3988.4235162079085
3869,2,2912.224041330727,57.068,3324.187254219072
3870,2,2913.224041330727,57.056,3989.6253659140853
3871,2,2914.224041330727,57.044,3990.155557390182
3872,2,2915.224041330727,57.032,3990.6851728662787
3873,2,2916.224041330727,57.017,4988.886535343747
3874,2,2917.224041330727,57.003,4656.7063926963765
3875,2,2918.224041330727,56.992,3659.292445507385
3876,2,2919.224041330727,56.979,4325.189481787931
3877,2,2920.224041330727,56.968,3660.258457211198
3878,2,2921.224041330727,56.955,4326.329883988506
3879,2,2922.224041330727,56.943,3994.0256863139966
3880,2,2923.224041330727,56.931,3994.5505737900935
3881,2,2924.224041330727,56.916,4993.712016500877
3882,2,2925.224041330727,56.903,4328.298977082261
3883,2,2926.224041330727,56.893,3329.9259100720515
3884,2,2927.224041330727,56.881,3996.503856940497
3885,2,2928.224041330727,56.869,3997.0258164165934
3886,2,2929.224041330727,56.859,3331.347917723946
3887,2,2930.224041330727,56.85,2998.735609641194
3888,2,2931.224041330727,56.837,4332.146878627337
3889,2,2932.224041330727,56.826,3666.139193308447
3890,2,2933.224041330727,56.813,4333.272408825547
3891,2,2934.224041330727,56.8,4333.757948101946
3892,2,2935.224041330727,56.79,3334.1209885469093
3893,2,2936.224041330727,56.777,4334.956024122861
3894,2,2937.224041330727,56.768,3001.5639339561903
3895,2,2938.224041330727,56.757,3669.1807272137075
3896,2,2939.224041330727,56.749,2668.9565122808044
3897,2,2940.224041330727,56.739,3336.801460027122
3898,2,2941.224041330727,56.726,4338.437816044056
3899,2,2942.224041330727,56.715,3671.457212197147
3900,2,2943.224041330727,56.701,4673.321770202888
3901,2,2944.224041330727,56.689,4006.146768558045
3902,2,2945.224041330727,56.677,4006.659224034142
3903,2,2946.224041330727,56.665,4007.1711035102385
3904,2,2947.224041330727,56.658,2337.9178902493513
3905,2,2948.224041330727,56.652,2004.3795967391839
3906,2,2949.224041330727,56.644,2673.082295893741
3907,2,2950.224041330727,56.635,3007.7858626012444
3908,2,2951.224041330727,56.627,2674.092298952124
3909,2,2952.224041330727,56.615,4011.7890586606422
3910,2,2953.224041330727,56.603,4012.297434136739
3911,2,2954.224041330727,56.589,4681.523387609276
3912,2,2955.224041330727,56.577,4013.1706063349484
3913,2,2956.224041330727,56.565,4013.677205811045
3914,2,2957.224041330727,56.552,4348.660054481074
3915,2,2958.224041330727,56.542,3345.5738973019065
3916,2,2959.224041330727,56.53,4015.2645696163277
3917,2,2960.224041330727,56.519,3681.1540441333027
3918,2,2961.224041330727,56.509,3347.012309434628
3919,2,2962.224041330727,56.497,4016.9890801755937
3920,2,2963.224041330727,56.485,4017.4917436516903
3921,2,2964.224041330727,56.475,3348.3874770865227
3922,2,2965.224041330727,56.464,3683.783818043293
3923,2,2966.224041330727,56.455,3014.4874727073334
3924,2,2967.224041330727,56.449,2010.0687789745023
3925,2,2968.224041330727,56.44,3015.718594216174
3926,2,2969.224041330727,56.433,2346.016576519157
3927,2,2970.224041330727,56.423,3352.0760440835384
3928,2,2971.224041330727,56.414,3017.3760643648316
3929,2,2972.224041330727,56.402,4023.7731293613597
3930,2,2973.224041330727,56.393,3018.283251677208
3931,2,2974.224041330727,56.385,2683.41631146647
3932,2,2975.224041330727,56.377,2683.937706786796
3933,2,2976.224041330727,56.372,1677.831422180849
3934,2,2977.224041330727,56.363,3020.73617069489
3935,2,2978.224041330727,56.352,3692.5957510054563
3936,2,2979.224041330727,56.342,3357.4067411365813
3937,2,2980.224041330727,56.332,3357.937636328315
3938,2,2981.224041330727,56.322,3358.4681315200487
3939,2,2982.224041330727,56.311,3694.865244920177
3940,2,2983.224041330727,56.302,3023.5482806975087
3941,2,2984.224041330727,56.291,3696.0301123419913
3942,2,2985.224041330727,56.281,3360.526407806157
3943,2,2986.224041330727,56.273,2688.8916859820188
3944,2,2987.224041330727,56.263,3361.7024471536665
3945,2,2988.224041330727,56.253,3362.2301623430117
3946,2,2989.224041330727,56.243,3362.7574775347452
3947,2,2990.224041330727,56.234,3026.9828654709204
3948,2,2991.224041330727,56.222,4036.5730895028114
3949,2,2992.224041330727,56.211,3700.6719820292506
3950,2,2993.224041330727,56.202,3028.2956474231137
3951,2,2994.224041330727,56.19,4038.3219414390696
3952,2,2995.224041330727,56.18,3365.733255242668
3953,2,2996.224041330727,56.168,4039.437343145247
3954,2,2997.224041330727,56.156,4039.9223186213435
3955,2,2998.224041330727,56.145,3703.739138718847
3956,2,2999.224041330727,56.133,4040.9625229505295
3957,2,3000.224041330727,56.121,4041.445794426626
3958,2,3001.224041330727,56.112,3031.527400476158
3959,2,3002.224041330727,56.101,3705.7742298492317
3960,2,3003.224041330727,56.089,4043.180462362884
3961,2,3004.224041330727,56.078,3706.7227784819243
3962,2,3005.224041330727,56.067,3707.229351266317
3963,2,3006.224041330727,56.059,2696.607014866893
3964,2,3007.224041330727,56.051,2697.1190981872073
3965,2,3008.224041330727,56.041,3371.978492410163
3966,2,3009.224041330727,56.034,2360.811491024279
3967,2,3010.224041330727,56.026,2698.6056485706745
3968,2,3011.224041330727,56.019,2361.7481839779966
3969,2,3012.224041330727,56.012,2362.237301019549
3970,2,3013.224041330727,56.005,2362.7262220634984
3971,2,3014.224041330727,55.997,2700.7929686178945
3972,2,3015.224041330727,55.987,3376.5684904431296
3973,2,3016.224041330727,55.979,2701.7163280939917
3974,2,3017.224041330727,55.969,3377.72196978825
3975,2,3018.224041330727,55.962,2364.8298461906165
3976,2,3019.224041330727,55.955,2365.317479236967
3977,2,3020.224041330727,55.951,1351.924766275876
3978,2,3021.224041330727,55.944,2366.4190487322007
3979,2,3022.224041330727,55.937,2366.9061357785527
3980,2,3023.224041330727,55.932,1691.0252513965975
3981,2,3024.224041330727,55.928,1353.158805054674
3982,2,3025.224041330727,55.922,2030.2278541371277
3983,2,3026.224041330727,55.918,1353.8115871289635
3984,2,3027.224041330727,55.911,2369.720061225105
3985,2,3028.224041330727,55.905,2031.6233964326964
3986,2,3029.224041330727,55.898,2370.7343484495823
3987,2,3030.224041330727,55.889,3048.656894174257
3988,2,3031.224041330727,55.883,2032.8358412857851
3989,2,3032.224041330727,55.876,2372.14828644726
3990,2,3033.224041330727,55.873,1016.8792601840406
3991,2,3034.224041330727,55.866,2373.2881210790656
3992,2,3035.224041330727,55.862,1356.478046758446
3993,2,3036.224041330727,55.855,2374.3848885791103
3994,2,3037.224041330727,55.848,2374.8692596206497
3995,2,3038.224041330727,55.842,2036.0354590574505
3996,2,3039.224041330727,55.835,2375.879962845127
3997,2,3040.224041330727,55.828,2376.363759889077
3998,2,3041.224041330727,55.823,1697.7785271939536
3999,2,3042.224041330727,55.819,1358.559905688227
4000,2,3043.224041330727,55.817,679.4667181568244
4001,2,3044.224041330727,55.812,1699.1184275494077
4002,2,3045.224041330727,55.81,679.8279958812524
4003,2,3046.224041330727,55.805,1700.0214818665152
4004,2,3047.224041330727,55.8,1700.4271956644486
4005,2,3048.224041330727,55.797,1020.5179750211939
4006,2,3049.224041330727,55.795,680.5380184387709
4007,2,3050.224041330727,55.792,1021.0960502999542
4008,2,3051.224041330727,55.789,1021.3758892672103
4009,2,3052.224041330727,55.787,681.1098992718668
4010,2,3053.224041330727,55.786,340.6573659625993
4011,2,3054.224041330727,55.783,1022.2701662017223
4013,2,3056.224041330727,55.78,1022.8845681689784
4015,2,3058.224041330727,55.779,341.17241582601946
4142,3,3185.224041330727,55.77,3197.7770092777328
4143,3,3186.224041330727,55.759,3908.9201921623107
4144,3,3187.224041330727,55.747,4264.735247431649
4145,3,3188.224041330727,55.742,1777.2595507205162
4146,3,3189.224041330727,55.736,2133.1699060768815
4147,3,3190.224041330727,55.726,3555.887520947347
4148,3,3191.224041330727,55.719,2489.521743001972
4149,3,3192.224041330727,55.707,4268.361072351972
4150,3,3193.224041330727,55.702,1778.7694861039847
4151,3,3194.224041330727,55.692,3558.1739285992417
4152,3,3195.224041330727,55.686,2135.265979652083
4153,3,3196.224041330727,55.681,1779.7694140553058
4154,3,3197.224041330727,55.673,2848.1894871851555
4155,3,3198.224041330727,55.667,2136.5415885706598
4156,3,3199.224041330727,55.658,3205.38254761041
4157,3,3200.224041330727,55.65,2849.684300740476
4158,3,3201.224041330727,55.641,3206.4068230537628
4159,3,3202.224041330727,55.634,2494.292361392787
4160,3,3203.224041330727,55.624,3563.843003903031
4161,3,3204.224041330727,55.617,2495.0876060734827
4162,3,3205.224041330727,55.606,3921.4409690366615
4163,3,3206.224041330727,55.595,3921.888515821193
4164,3,3207.224041330727,55.585,3565.7916891507925
4165,3,3208.224041330727,55.578,2496.4506637443833
4166,3,3209.224041330727,55.569,3210.260620696198
4167,3,3210.224041330727,55.561,2854.0175817056224
4168,3,3211.224041330727,55.55,3924.825459020276
4169,3,3212.224041330727,55.541,3211.6426287793674
4170,3,3213.224041330727,55.533,2855.2451773325706
4171,3,3214.224041330727,55.522,3926.512160010817
4172,3,3215.224041330727,55.511,3926.955680790278
4173,3,3216.224041330727,55.5,3927.398717574813
4174,3,3217.224041330727,55.489,3927.841270356811
4175,3,3218.224041330727,55.477,4285.361387643828
4176,3,3219.224041330727,55.466,3928.65410098936
4177,3,3220.224041330727,55.455,3929.095179773896
4178,3,3221.224041330727,55.444,3929.5357745533556
4179,3,3222.224041330727,55.433,3929.975885337892
4180,3,3223.224041330727,55.422,3930.41551211989
4181,3,3224.224041330727,55.413,3216.2118445881415
4182,3,3225.224041330727,55.402,3931.4352235391652
4183,3,3226.224041330727,55.394,2859.6217510671886
4184,3,3227.224041330727,55.383,3932.5241738898885
4185,3,3228.224041330727,55.372,3932.961490674427
4186,3,3229.224041330727,55.363,3218.293117950944
4187,3,3230.224041330727,55.352,3933.9768020962415
4188,3,3231.224041330727,55.344,2861.468611831583
4189,3,3232.224041330727,55.333,3935.061462446966
4190,3,3233.224041330727,55.322,3935.4964692264216
4191,3,3234.224041330727,55.313,3220.365391313747
4192,3,3235.224041330727,55.306,2505.140737597536
4193,3,3236.224041330727,55.296,3579.328514191898
4194,3,3237.224041330727,55.289,2505.918944273156
4195,3,3238.224041330727,55.278,3938.4478933569562
4196,3,3239.224041330727,55.267,3938.8802381364103
4197,3,3240.224041330727,55.256,3939.312098920953
4198,3,3241.224041330727,55.245,3939.7434757029505
4199,3,3242.224041330727,55.233,4298.333131657795
4200,3,3243.224041330727,55.224,3224.131181399535
4201,3,3244.224041330727,55.217,2508.0674314394937
4202,3,3245.224041330727,55.206,3941.821117472943
4203,3,3246.224041330727,55.195,3942.2501842574875
4204,3,3247.224041330727,55.184,3942.6787670394856
4205,3,3248.224041330727,55.174,3584.6750875310504
4206,3,3249.224041330727,55.163,3943.605963532391
4207,3,3250.224041330727,55.156,2509.930262108197
4208,3,3251.224041330727,55.145,3944.745892809476
4209,3,3252.224041330727,55.134,3945.1721655940223
4210,3,3253.224041330727,55.122,4304.249638811691
4211,3,3254.224041330727,55.111,3945.951666229109
4212,3,3255.224041330727,55.1,3946.376465008558
4213,3,3256.224041330727,55.089,3946.8007797931054
4214,3,3257.224041330727,55.078,3947.224610572554
4215,3,3258.224041330727,55.069,3229.9524313242227
4216,3,3259.224041330727,55.061,2871.5067493749825
4217,3,3260.224041330727,55.05,3948.851823565644
4218,3,3261.224041330727,55.039,3949.2738283450913
4219,3,3262.224041330727,55.028,3949.6953491296404
4220,3,3263.224041330727,55.017,3950.1163859090866
4221,3,3264.224041330727,55.006,3950.5369386936363
4222,3,3265.224041330727,54.994,4310.095734556723
4223,3,3266.224041330727,54.983,3951.304735328723
4224,3,3267.224041330727,54.972,3951.7238141081684
4225,3,3268.224041330727,54.961,3952.1424088927192
4226,3,3269.224041330727,54.95,3952.5605196721644
4227,3,3270.224041330727,54.939,3952.9781464567154
4228,3,3271.224041330727,54.928,3953.3952892387133
4229,3,3272.224041330727,54.916,4313.210131151352
4230,3,3273.224041330727,54.907,3235.277555019702
4231,3,3274.224041330727,54.901,2157.215961180194
4232,3,3275.224041330727,54.896,1798.048870330869
4233,3,3276.224041330727,54.89,2158.101195609293
4234,3,3277.224041330727,54.888,719.5342016192884
4447,3,3490.224041330727,54.88,3064.9193005486313
4448,3,3491.224041330727,54.874,2299.054820593363
4449,3,3492.224041330727,54.873,383.26111186575326
4450,3,3493.224041330727,54.867,2300.078437773891
4451,3,3494.224041330727,54.862,1917.088549154153
4452,3,3495.224041330727,54.856,2300.933948200435
4453,3,3496.224041330727,54.851,1917.8012545123313
4454,3,3497.224041330727,54.846,1918.174928310265
4455,3,3498.224041330727,54.841,1918.5485021054722
4456,3,3499.224041330727,54.835,2302.68537574202
4457,3,3500.224041330727,54.83,1919.2603474636526
4458,3,3501.224041330727,54.821,3455.2144562037306
4459,3,3502.224041330727,54.813,3071.7026443763207
4460,3,3503.224041330727,54.802,4224.064936196213
4461,3,3504.224041330727,54.791,4224.4226789782115
4462,3,3505.224041330727,54.786,1920.4596738827386
4463,3,3506.224041330727,54.78,2304.9776598747417
4464,3,3507.224041330727,54.776,1536.9497482872646
4487,3,3530.224041330727,54.772,1546.9159331206845
4488,3,3531.224041330727,54.761,4254.641192108193
4489,3,3532.224041330727,54.752,3481.420062944399
4490,3,3533.224041330727,54.745,2708.1420299770693
4491,3,3534.224041330727,54.736,3482.3734404204956
4492,3,3535.224041330727,54.729,2708.883097789062
4493,3,3536.224041330727,54.724,1935.25164997985
4494,3,3537.224041330727,54.718,2322.725241185242
4495,3,3538.224041330727,54.713,1935.9569753353044
4496,3,3539.224041330727,54.708,1936.327169133238
4497,3,3540.224041330727,54.703,1936.6972629284194
4498,3,3541.224041330727,54.694,3486.59357804525
4499,3,3542.224041330727,54.689,1937.2954615653855
4500,3,3543.224041330727,54.682,2712.681696369865
4501,3,3544.224041330727,54.677,1937.9639846804262
4502,3,3545.224041330727,54.671,2325.978950828682
4503,3,3546.224041330727,54.661,3877.157668866939
4504,3,3547.224041330727,54.654,2714.353572545663
4505,3,3548.224041330727,54.648,2326.9679049932747
4506,3,3549.224041330727,54.636,4654.480801593622
4507,3,3550.224041330727,54.63,2327.5126806003473
4508,3,3551.224041330727,54.621,3491.7729996549415
4509,3,3552.224041330727,54.613,3104.1891274468016
4510,3,3553.224041330727,54.607,2328.49877876494
4511,3,3554.224041330727,54.601,2328.898194633964
4512,3,3555.224041330727,54.592,3493.8502087053666
4513,3,3556.224041330727,54.584,3106.034527488866
4514,3,3557.224041330727,54.573,4271.254951476001
4515,3,3558.224041330727,54.564,3495.005074788536
4516,3,3559.224041330727,54.556,3107.0602191211087
4517,3,3560.224041330727,54.545,4272.664034463782
4518,3,3561.224041330727,54.535,3884.583184285544
4519,3,3562.224041330727,54.528,2719.547884336754
4520,3,3563.224041330727,54.517,4274.069421454322
4521,3,3564.224041330727,54.506,4274.406374239081
4522,3,3565.224041330727,54.494,4663.313046060767
4523,3,3566.224041330727,54.485,3497.791768201764
4524,3,3567.224041330727,54.48,1943.5128383190074
4525,3,3568.224041330727,54.473,2721.380997824929
4526,3,3569.224041330727,54.467,2332.9876023755046
4527,3,3570.224041330727,54.462,1944.5046729888052
4528,3,3571.224041330727,54.451,4278.479964149072
4529,3,3572.224041330727,54.442,3500.9117327937743
4530,3,3573.224041330727,54.434,3112.306725792433
4531,3,3574.224041330727,54.425,3501.778094237127
4532,3,3575.224041330727,54.418,2723.9667723131033
4533,3,3576.224041330727,54.409,3502.7076037132238
4534,3,3577.224041330727,54.402,2724.6892761278455
4535,3,3578.224041330727,54.398,1557.2431027862692
4536,3,3579.224041330727,54.396,778.796200706022
4560,3,3603.224041330727,54.393,1175.97342069703
4561,3,3604.224041330727,54.382,4312.54417105434
4562,3,3605.224041330727,54.373,3528.7752655344425
4563,3,3606.224041330727,54.365,3137.0687184480257
4564,3,3607.224041330727,54.362,1176.6079450253424
4565,3,3608.224041330727,54.36,784.5866684440774
4566,3,3609.224041330727,54.357,1177.1520303041025
4634,3,3677.224041330727,54.347,3997.289621887358
4635,3,3678.224041330727,54.336,4397.3646583245345
4636,3,3679.224041330727,54.323,5197.15046638967
4637,3,3680.224041330727,54.312,4397.812526030712
4638,3,3681.224041330727,54.301,4398.116654809869
4639,3,3682.224041330727,54.29,4398.420299594708
4640,3,3683.224041330727,54.278,4798.563212630514
4641,3,3684.224041330727,54.267,4398.945084226953
4642,3,3685.224041330727,54.252,5998.752416117764
4643,3,3686.224041330727,54.241,4399.224554078154
4644,3,3687.224041330727,54.234,2799.801395182613
4645,3,3688.224041330727,54.223,4400.150863357787
4646,3,3689.224041330727,54.212,4400.451098136943
4647,3,3690.224041330727,54.201,4400.7508489217835
4648,3,3691.224041330727,54.19,4401.050115703782
4649,3,3692.224041330727,54.179,4401.348898482936
4650,3,3693.224041330727,54.168,4401.647197267777
4651,3,3694.224041330727,54.162,2401.171742384237
4652,3,3695.224041330727,54.153,3602.2337283307756
4653,3,3696.224041330727,54.146,2802.0815721636927
4654,3,3697.224041330727,54.137,3603.1185978068725
4655,3,3698.224041330727,54.13,2802.7693559784348
4656,3,3699.224041330727,54.125,2002.2974929723136
4657,3,3700.224041330727,54.116,3604.6435541192495
4658,3,3701.224041330727,54.108,3204.4901651928826
4659,3,3702.224041330727,54.099,3605.459011562602
4660,3,3703.224041330727,54.092,2804.588585788446
4661,3,3704.224041330727,54.081,4407.667299449825
4662,3,3705.224041330727,54.072,3606.5798616785155
4663,3,3706.224041330727,54.065,2805.4596441036706
4664,3,3707.224041330727,54.056,3607.458935154612
4665,3,3708.224041330727,54.054,801.7922022146611
4666,3,3709.224041330727,54.049,2004.8912327009034
4667,3,3710.224041330727,54.048,401.0640881947929
4668,3,3711.224041330727,54.043,2005.749589258424
4669,3,3712.224041330727,54.037,2407.303046322241
4670,3,3713.224041330727,54.031,2407.684174191265
4671,3,3714.224041330727,54.025,2408.0651580602894
4672,3,3715.224041330727,54.019,2408.4459979293133
4673,3,3716.224041330727,54.013,2408.8266937983376
4674,3,3717.224041330727,54.008,2007.6912908411061
4675,3,3718.224041330727,54.002,2409.6322722248824
4676,3,3719.224041330727,53.996,2410.0125480939064
4677,3,3720.224041330727,53.99,2410.3926799629307
4678,3,3721.224041330727,53.986,1607.2115483488703
4679,3,3722.224041330727,53.981,2009.3868153499454
4680,3,3723.224041330727,53.979,803.918535005113
4681,3,3724.224041330727,53.973,2412.224602258499
4682,3,3725.224041330727,53.967,2412.6040981275232
4683,3,3726.224041330727,53.961,2412.9834499965473
4684,3,3727.224041330727,53.958,1206.714873949158
4685,3,3728.224041330727,53.952,2413.8759378000836
4686,3,3729.224041330727,53.946,2414.254893669108
4687,3,3730.224041330727,53.94,2414.6337055381323
4688,3,3731.224041330727,53.938,805.033974259476
4689,3,3732.224041330727,53.933,2012.993697812964
4690,3,3733.224041330727,53.927,2415.9932705876845
4691,3,3734.224041330727,53.921,2416.371566456709
4692,3,3735.224041330727,53.912,3625.0237264394837
4693,3,3736.224041330727,53.906,2416.9932221292693
4694,3,3737.224041330727,53.901,2014.4945611168762
4695,3,3738.224041330727,53.895,2417.793592555814
4696,3,3739.224041330727,53.889,2418.171144424838
4697,3,3740.224041330727,53.884,2015.4758280327133
4698,3,3741.224041330727,53.878,2418.970710851382
4699,3,3742.224041330727,53.873,2016.141913388167
4700,3,3743.224041330727,53.867,2419.7697492779266
4701,3,3744.224041330727,53.861,2420.1466051469506
4702,3,3745.224041330727,53.856,2017.121490298275
4703,3,3746.224041330727,53.848,3227.866513180955
4704,3,3747.224041330727,53.843,2017.7115211729015
4705,3,3748.224041330727,53.832,4439.490260154271
4706,3,3749.224041330727,53.817,6054.0032823784
4707,3,3750.224041330727,53.804,5246.837200175947
4708,3,3751.224041330727,53.793,4439.824984926809
4709,3,3752.224041330727,53.778,6054.457385250043
4710,3,3753.224041330727,53.767,4440.045274772299
4711,3,3754.224041330727,53.754,5247.553000925085
4712,3,3755.224041330727,53.743,4440.428506478476
4713,3,3756.224041330727,53.732,4440.701967263343
4714,3,3757.224041330727,53.717,6055.649490254408
4715,3,3758.224041330727,53.706,4440.916713108833
4716,3,3759.224041330727,53.698,3230.0455914817617
4717,3,3760.224041330727,53.687,4441.708245462426
4718,3,3761.224041330727,53.676,4441.979264241554
4719,3,3762.224041330727,53.665,4442.249799026422
4720,3,3763.224041330727,53.654,4442.519849805551
4721,3,3764.224041330727,53.639,6058.123350997695
4722,3,3765.224041330727,53.626,5250.397838315537
4723,3,3766.224041330727,53.615,4442.829956578088
4724,3,3767.224041330727,53.6,6058.543883869338
4725,3,3768.224041330727,53.589,4443.033834429317
4726,3,3769.224041330727,53.578,4443.300761208445
4727,3,3770.224041330727,53.57,3231.775724645117
4728,3,3771.224041330727,53.559,4444.082063562039
4729,3,3772.224041330727,53.548,4444.3476043411665
4730,3,3773.224041330727,53.537,4444.612661126035
4731,3,3774.224041330727,53.528,3636.785672865806
4732,3,3775.224041330727,53.52,3233.0414654091815
4744,3,3787.224041330727,53.509,4458.770821116579
4745,3,3788.224041330727,53.498,4459.031389898577
4746,3,3789.224041330727,53.487,4459.291474677694
4747,3,3790.224041330727,53.478,3648.791831228609
4748,3,3791.224041330727,53.47,3243.710630178992
4762,3,3805.224041330727,53.459,4475.776816668228
4763,3,3806.224041330727,53.45,3662.276454311779
4764,3,3807.224041330727,53.444,2441.816440044133
4765,3,3808.224041330727,53.443,407.049643107661
4795,3,3838.224041330727,53.437,2461.3763132246618
4796,3,3839.224041330727,53.426,4512.980986014208
4797,3,3840.224041330727,53.414,4923.474438909485
4798,3,3841.224041330727,53.403,4513.38831265221
4799,3,3842.224041330727,53.394,3693.0420084781185
4800,3,3843.224041330727,53.386,3283.0357050645407
4801,3,3844.224041330727,53.382,1641.7604497812026
4802,3,3845.224041330727,53.38,821.0476181991886
4819,3,3862.224041330727,53.37,4122.92416412266
4820,3,3863.224041330727,53.36,4123.219019311464
4821,3,3864.224041330727,53.353,2886.5405808568134
4822,3,3865.224041330727,53.338,6185.769272904483
4823,3,3866.224041330727,53.327,4536.298661055111
4824,3,3867.224041330727,53.316,4536.536107834178
4825,3,3868.224041330727,53.309,2887.1457188502845
4845,3,3888.224041330727,53.304,2072.676148590079
4846,3,3889.224041330727,53.297,2902.1662042113517
4847,3,3890.224041330727,53.286,4560.94923896689
4848,3,3891.224041330727,53.281,2073.3803620635185
4849,3,3892.224041330727,53.276,2073.7185858585053
4850,3,3893.224041330727,53.273,1244.45738513929
4899,3,3942.224041330727,53.267,2520.0272961803494
4900,3,3943.224041330727,53.261,2520.3826240493736
4901,3,3944.224041330727,53.255,2520.7378079183977
4902,3,3945.224041330727,53.25,2100.9304326107203
4903,3,3946.224041330727,53.244,2521.495098344942
4904,3,3947.224041330727,53.238,2521.8498622139664
4905,3,3948.224041330727,53.234,1681.5012405133286
4906,3,3949.224041330727,53.226,3363.4751315216768
4907,3,3950.224041330727,53.22,2522.9132898210387
4908,3,3951.224041330727,53.209,4625.773058440851
4909,3,3952.224041330727,53.198,4625.987339225837
4910,3,3953.224041330727,53.186,5046.717436955328
4911,3,3954.224041330727,53.175,4626.327455860923
4912,3,3955.224041330727,53.164,4626.540262639933
4913,3,3956.224041330727,53.153,4626.752585424919
4914,3,3957.224041330727,53.136,7150.359564191306
4915,3,3958.224041330727,53.125,4626.653293415459
4916,3,3959.224041330727,53.11,6309.122490461786
4917,3,3960.224041330727,53.098,5047.289699780037
4918,3,3961.224041330727,53.088,4206.265360526609
4919,3,3962.224041330727,53.081,2944.657549707409
4920,3,3963.224041330727,53.076,2103.619872778806
4947,3,3990.224041330727,53.065,4658.790069680911
4948,3,3991.224041330727,53.054,4658.9917444599
4949,3,3992.224041330727,53.043,4659.192935244907
4950,3,3993.224041330727,53.032,4659.393642026905
4951,3,3994.224041330727,53.025,2965.3079340589993
4952,3,3995.224041330727,53.016,3812.917973100909
4953,3,3996.224041330727,53.014,847.4392702026189
4969,3,4012.224041330727,53.008,2552.304103859895
4970,3,4013.224041330727,52.999,3828.8685685442624
4971,3,4014.224041330727,52.991,3403.740849126287
4972,3,4015.224041330727,52.986,2127.6069911416207
4991,3,4034.224041330727,52.98,2564.943508582008
4992,3,4035.224041330727,52.977,1282.680701241888
5015,3,4058.224041330727,52.974,1289.9186862091442
5016,3,4059.224041330727,52.969,2150.23186305155
5033,3,4076.224041330727,52.965,1727.2428703763596
5034,3,4077.224041330727,52.954,4750.410425572005
5035,3,4078.224041330727,52.943,4750.588604354002
5036,3,4079.224041330727,52.93,5614.435930060694
5037,3,4080.224041330727,52.919,4750.76398006018
5038,3,4081.224041330727,52.908,4750.940662839109
5039,3,4082.224041330727,52.902,2591.6407548793236
5040,3,4083.224041330727,52.897,2160.0051017448527
5041,3,4084.224041330727,52.891,2592.3713573058676
5042,3,4085.224041330727,52.887,1728.5073145745685
5043,3,4086.224041330727,52.885,864.4161786003236
5059,3,4102.224041330727,52.88,2169.358628654749
5060,3,4103.224041330727,52.874,2603.5941316014373
5061,3,4104.224041330727,52.869,2169.964814013286
5090,3,4133.224041330727,52.865,1748.0892431432837
5091,3,4134.224041330727,52.854,4807.726345681092
5092,3,4135.224041330727,52.843,4807.888530459984
5093,3,4136.224041330727,52.828,6556.183960072138
5094,3,4137.224041330727,52.815,5681.893872180212
5095,3,4138.224041330727,52.8,6555.877981877419
5096,3,4139.224041330727,52.793,3059.511589372729
5097,3,4140.224041330727,52.783,4371.082933874459
5098,3,4141.224041330727,52.781,874.3283493991423
5132,3,4175.224041330727,52.777,1762.9131974181785
5133,3,4176.224041330727,52.766,4848.483353937086
5134,3,4177.224041330727,52.755,4848.633438715952
5135,3,4178.224041330727,52.745,4408.026363606173
5136,3,4179.224041330727,52.738,3085.8596268608962
5137,3,4180.224041330727,52.728,4408.715087428987
5138,3,4181.224041330727,52.726,881.8536001100588
5139,3,4182.224041330727,52.722,1764.0286428399925
5180,3,4223.224041330727,52.72,890.6103787330775
5181,3,4224.224041330727,52.709,4898.912880986106
5182,3,4225.224041330727,52.698,4899.050095771268
5183,3,4226.224041330727,52.687,4899.186826553266
5184,3,4227.224041330727,52.68,3117.869408939326
5185,3,4228.224041330727,52.669,4899.830919832899
5186,3,4229.224041330727,52.658,4899.966286611732
5187,3,4230.224041330727,52.646,5345.514149379694
5188,3,4231.224041330727,52.635,4900.142481249984
5189,3,4232.224041330727,52.621,6236.537631718425
5190,3,4233.224041330727,52.608,5790.953124389814
5191,3,4234.224041330727,52.596,5345.4876725300965
5192,3,4235.224041330727,52.587,4009.2621330505954
5193,3,4236.224041330727,52.576,4900.434317444337
5194,3,4237.224041330727,52.565,4900.565702226335
5195,3,4238.224041330727,52.554,4900.696603005167
5196,3,4239.224041330727,52.541,5791.776258109816
5197,3,4240.224041330727,52.53,4900.770382711345
5198,3,4241.224041330727,52.519,4900.899787496508
5199,3,4242.224041330727,52.509,4455.523066127949
5200,3,4243.224041330727,52.496,5792.276625978294
5201,3,4244.224041330727,52.485,4901.191724913593
5202,3,4245.224041330727,52.474,4901.319171695591
5203,3,4246.224041330727,52.463,4901.446134474422
5204,3,4247.224041330727,52.454,4010.454042698815
5205,3,4248.224041330727,52.443,4901.885529899403
5206,3,4249.224041330727,52.435,3565.200952051496
5207,3,4250.224041330727,52.43,2228.4987204718736
5208,3,4251.224041330727,52.425,2228.810484269807
5209,3,4252.224041330727,52.419,2674.9210643357737
5210,3,4253.224041330727,52.414,2229.391179622093
5211,3,4254.224041330727,52.408,2675.6176347623186
5212,3,4255.224041330727,52.403,2229.971434980715
5213,3,4256.224041330727,52.394,4014.355597734178
5214,3,4257.224041330727,52.386,3568.575480403091
5215,3,4258.224041330727,52.375,4907.053896733574
5216,3,4259.224041330727,52.366,4015.0384678173473
5217,3,4260.224041330727,52.359,3123.0637390975844
5218,3,4261.224041330727,52.349,4461.84246919886
5219,3,4262.224041330727,52.342,3123.5154797757477
5220,3,4263.224041330727,52.339,1338.8356676116762
5221,3,4264.224041330727,52.337,892.7238314985899
5222,3,4265.224041330727,52.332,2232.1836759113717
5223,3,4266.224041330727,52.327,2232.493709709305
5224,3,4267.224041330727,52.321,2679.338768863169
5225,3,4268.224041330727,52.318,1339.8680863824686
5226,3,4269.224041330727,52.316,893.4119766791165
5227,3,4270.224041330727,52.313,1340.3678136612289
