fixIdx,legIdx,zoneIdx,tickLead,tickRace,time,lat,lng,alt,togo
5,2,1,-904.590652310093,-4859.210572001135,,,,841.0,60.714
13,2,9,-896.590652310093,-4851.210572001135,,,,842.0,60.71
15,2,11,-894.590652310093,-4849.210572001135,,,,842.0,60.703
16,2,12,-893.590652310093,-4848.210572001135,,,,841.0,60.702
17,2,13,-892.590652310093,-4847.210572001135,,,,841.0,60.699
18,2,14,-891.590652310093,-4846.210572001135,,,,842.0,60.694
19,2,15,-890.590652310093,-4845.210572001135,,,,844.0,60.691
20,2,16,-889.590652310093,-4844.210572001135,,,,846.0,60.686
22,2,18,-887.590652310093,-4842.210572001135,,,,844.0,60.683
23,2,19,-886.590652310093,-4841.210572001135,,,,843.0,60.676
24,2,20,-885.590652310093,-4840.210572001135,,,,844.0,60.667
25,2,21,-884.590652310093,-4839.210572001135,,,,843.0,60.661
26,2,22,-883.590652310093,-4838.210572001135,,,,842.0,60.656
27,2,23,-882.590652310093,-4837.210572001135,,,,844.0,60.65
28,2,24,-881.590652310093,-4836.210572001135,,,,842.0,60.645
29,2,25,-880.590652310093,-4835.210572001135,,,,840.0,60.638
30,2,26,-879.590652310093,-4834.210572001135,,,,839.0,60.628
31,2,27,-878.590652310093,-4833.210572001135,,,,839.0,60.621
32,2,28,-877.590652310093,-4832.210572001135,,,,840.0,60.616
33,2,29,-876.590652310093,-4831.210572001135,,,,840.0,60.611
34,2,30,-875.590652310093,-4830.210572001135,,,,838.0,60.61
35,2,31,-874.590652310093,-4829.210572001135,,,,835.0,60.609
36,2,32,-873.590652310093,-4828.210572001135,,,,833.0,60.602
37,2,33,-872.590652310093,-4827.210572001135,,,,830.0,60.594
38,2,34,-871.590652310093,-4826.210572001135,,,,828.0,60.584
39,2,35,-870.590652310093,-4825.210572001135,,,,826.0,60.573
40,2,36,-869.590652310093,-4824.210572001135,,,,825.0,60.567
41,2,37,-868.590652310093,-4823.210572001135,,,,823.0,60.56
42,2,38,-867.590652310093,-4822.210572001135,,,,821.0,60.551
43,2,39,-866.590652310093,-4821.210572001135,,,,820.0,60.543
44,2,40,-865.590652310093,-4820.210572001135,,,,817.0,60.534
45,2,41,-864.590652310093,-4819.210572001135,,,,816.0,60.526
46,2,42,-863.590652310093,-4818.210572001135,,,,816.0,60.517
47,2,43,-862.590652310093,-4817.210572001135,,,,815.0,60.512
48,2,44,-861.590652310093,-4816.210572001135,,,,814.0,60.506
49,2,45,-860.590652310093,-4815.210572001135,,,,813.0,60.495
50,2,46,-859.590652310093,-4814.210572001135,,,,810.0,60.487
51,2,47,-858.590652310093,-4813.210572001135,,,,808.0,60.478
52,2,48,-857.590652310093,-4812.210572001135,,,,808.0,60.468
53,2,49,-856.590652310093,-4811.210572001135,,,,807.0,60.461
54,2,50,-855.590652310093,-4810.210572001135,,,,806.0,60.452
55,2,51,-854.590652310093,-4809.210572001135,,,,806.0,60.447
56,2,52,-853.590652310093,-4808.210572001135,,,,806.0,60.44
57,2,53,-852.590652310093,-4807.210572001135,,,,809.0,60.432
58,2,54,-851.590652310093,-4806.210572001135,,,,811.0,60.426
59,2,55,-850.590652310093,-4805.210572001135,,,,813.0,60.42
60,2,56,-849.590652310093,-4804.210572001135,,,,814.0,60.417
61,2,57,-848.590652310093,-4803.210572001135,,,,813.0,60.411
62,2,58,-847.590652310093,-4802.210572001135,,,,812.0,60.406
63,2,59,-846.590652310093,-4801.210572001135,,,,811.0,60.397
64,2,60,-845.590652310093,-4800.210572001135,,,,809.0,60.392
65,2,61,-844.590652310093,-4799.210572001135,,,,809.0,60.385
66,2,62,-843.590652310093,-4798.210572001135,,,,809.0,60.38
67,2,63,-842.590652310093,-4797.210572001135,,,,808.0,60.375
68,2,64,-841.590652310093,-4796.210572001135,,,,809.0,60.37
69,2,65,-840.590652310093,-4795.210572001135,,,,808.0,60.367
70,2,66,-839.590652310093,-4794.210572001135,,,,807.0,60.362
71,2,67,-838.590652310093,-4793.210572001135,,,,806.0,60.355
72,2,68,-837.590652310093,-4792.210572001135,,,,806.0,60.351
73,2,69,-836.590652310093,-4791.210572001135,,,,806.0,60.346
74,2,70,-835.590652310093,-4790.210572001135,,,,806.0,60.341
75,2,71,-834.590652310093,-4789.210572001135,,,,806.0,60.336
76,2,72,-833.590652310093,-4788.210572001135,,,,807.0,60.331
77,2,73,-832.590652310093,-4787.210572001135,,,,808.0,60.328
78,2,74,-831.590652310093,-4786.210572001135,,,,808.0,60.323
79,2,75,-830.590652310093,-4785.210572001135,,,,808.0,60.318
80,2,76,-829.590652310093,-4784.210572001135,,,,809.0,60.316
81,2,77,-828.590652310093,-4783.210572001135,,,,809.0,60.313
82,2,78,-827.590652310093,-4782.210572001135,,,,810.0,60.308
83,2,79,-826.590652310093,-4781.210572001135,,,,809.0,60.307
84,2,80,-825.590652310093,-4780.210572001135,,,,808.0,60.304
85,2,81,-824.590652310093,-4779.210572001135,,,,806.0,60.3
86,2,82,-823.590652310093,-4778.210572001135,,,,806.0,60.295
87,2,83,-822.590652310093,-4777.210572001135,,,,805.0,60.29
88,2,84,-821.590652310093,-4776.210572001135,,,,804.0,60.286
89,2,85,-820.590652310093,-4775.210572001135,,,,805.0,60.282
90,2,86,-819.590652310093,-4774.210572001135,,,,805.0,60.281
91,2,87,-818.590652310093,-4773.210572001135,,,,806.0,60.278
93,2,89,-816.590652310093,-4771.210572001135,,,,806.0,60.274
94,2,90,-815.590652310093,-4770.210572001135,,,,805.0,60.269
95,2,91,-814.590652310093,-4769.210572001135,,,,804.0,60.265
96,2,92,-813.590652310093,-4768.210572001135,,,,801.0,60.259
97,2,93,-812.590652310093,-4767.210572001135,,,,802.0,60.254
98,2,94,-811.590652310093,-4766.210572001135,,,,803.0,60.251
113,2,109,-796.590652310093,-4751.210572001135,,,,795.0,60.25
126,2,122,-783.590652310093,-4738.210572001135,,,,789.0,60.248
127,2,123,-782.590652310093,-4737.210572001135,,,,789.0,60.245
129,2,125,-780.590652310093,-4735.210572001135,,,,789.0,60.244
130,2,126,-779.590652310093,-4734.210572001135,,,,789.0,60.24
131,2,127,-778.590652310093,-4733.210572001135,,,,789.0,60.237
132,2,128,-777.590652310093,-4732.210572001135,,,,790.0,60.234
135,2,131,-774.590652310093,-4729.210572001135,,,,795.0,60.232
143,2,139,-766.590652310093,-4721.210572001135,,,,802.0,60.224
144,2,140,-765.590652310093,-4720.210572001135,,,,802.0,60.22
145,2,141,-764.590652310093,-4719.210572001135,,,,803.0,60.215
146,2,142,-763.590652310093,-4718.210572001135,,,,803.0,60.207
147,2,143,-762.590652310093,-4717.210572001135,,,,804.0,60.198
148,2,144,-761.590652310093,-4716.210572001135,,,,805.0,60.194
149,2,145,-760.590652310093,-4715.210572001135,,,,805.0,60.189
150,2,146,-759.590652310093,-4714.210572001135,,,,807.0,60.185
151,2,147,-758.590652310093,-4713.210572001135,,,,807.0,60.18
152,2,148,-757.590652310093,-4712.210572001135,,,,807.0,60.175
153,2,149,-756.590652310093,-4711.210572001135,,,,806.0,60.171
154,2,150,-755.590652310093,-4710.210572001135,,,,806.0,60.16
155,2,151,-754.590652310093,-4709.210572001135,,,,808.0,60.155
156,2,152,-753.590652310093,-4708.210572001135,,,,811.0,60.149
157,2,153,-752.590652310093,-4707.210572001135,,,,812.0,60.144
158,2,154,-751.590652310093,-4706.210572001135,,,,814.0,60.143
159,2,155,-750.590652310093,-4705.210572001135,,,,814.0,60.139
160,2,156,-749.590652310093,-4704.210572001135,,,,814.0,60.134
161,2,157,-748.590652310093,-4703.210572001135,,,,813.0,60.13
162,2,158,-747.590652310093,-4702.210572001135,,,,812.0,60.126
163,2,159,-746.590652310093,-4701.210572001135,,,,812.0,60.117
164,2,160,-745.590652310093,-4700.210572001135,,,,813.0,60.113
165,2,161,-744.590652310093,-4699.210572001135,,,,814.0,60.112
166,2,162,-743.590652310093,-4698.210572001135,,,,813.0,60.108
167,2,163,-742.590652310093,-4697.210572001135,,,,814.0,60.103
168,2,164,-741.590652310093,-4696.210572001135,,,,814.0,60.095
169,2,165,-740.590652310093,-4695.210572001135,,,,815.0,60.09
170,2,166,-739.590652310093,-4694.210572001135,,,,816.0,60.086
171,2,167,-738.590652310093,-4693.210572001135,,,,819.0,60.082
172,2,168,-737.590652310093,-4692.210572001135,,,,822.0,60.076
173,2,169,-736.590652310093,-4691.210572001135,,,,823.0,60.071
174,2,170,-735.590652310093,-4690.210572001135,,,,824.0,60.066
175,2,171,-734.590652310093,-4689.210572001135,,,,825.0,60.061
176,2,172,-733.590652310093,-4688.210572001135,,,,826.0,60.056
177,2,173,-732.590652310093,-4687.210572001135,,,,826.0,60.048
178,2,174,-731.590652310093,-4686.210572001135,,,,825.0,60.043
179,2,175,-730.590652310093,-4685.210572001135,,,,824.0,60.039
180,2,176,-729.590652310093,-4684.210572001135,,,,825.0,60.035
181,2,177,-728.590652310093,-4683.210572001135,,,,823.0,60.025
182,2,178,-727.590652310093,-4682.210572001135,,,,823.0,60.022
183,2,179,-726.590652310093,-4681.210572001135,,,,823.0,60.013
184,2,180,-725.590652310093,-4680.210572001135,,,,823.0,60.009
185,2,181,-724.590652310093,-4679.210572001135,,,,826.0,60.004
186,2,182,-723.590652310093,-4678.210572001135,,,,829.0,60.001
187,2,183,-722.590652310093,-4677.210572001135,,,,833.0,59.997
188,2,184,-721.590652310093,-4676.210572001135,,,,835.0,59.993
189,2,185,-720.590652310093,-4675.210572001135,,,,838.0,59.992
191,2,187,-718.590652310093,-4673.210572001135,,,,844.0,59.99
193,2,189,-716.590652310093,-4671.210572001135,,,,844.0,59.985
194,2,190,-715.590652310093,-4670.210572001135,,,,843.0,59.982
195,2,191,-714.590652310093,-4669.210572001135,,,,843.0,59.978
196,2,192,-713.590652310093,-4668.210572001135,,,,843.0,59.977
197,2,193,-712.590652310093,-4667.210572001135,,,,843.0,59.974
198,2,194,-711.590652310093,-4666.210572001135,,,,844.0,59.971
199,2,195,-710.590652310093,-4665.210572001135,,,,844.0,59.967
200,2,196,-709.590652310093,-4664.210572001135,,,,843.0,59.964
201,2,197,-708.590652310093,-4663.210572001135,,,,844.0,59.96
202,2,198,-707.590652310093,-4662.210572001135,,,,847.0,59.957
203,2,199,-706.590652310093,-4661.210572001135,,,,850.0,59.953
204,2,200,-705.590652310093,-4660.210572001135,,,,851.0,59.947
205,2,201,-704.590652310093,-4659.210572001135,,,,851.0,59.942
206,2,202,-703.590652310093,-4658.210572001135,,,,851.0,59.936
207,2,203,-702.590652310093,-4657.210572001135,,,,851.0,59.935
208,2,204,-701.590652310093,-4656.210572001135,,,,851.0,59.928
209,2,205,-700.590652310093,-4655.210572001135,,,,852.0,59.925
210,2,206,-699.590652310093,-4654.210572001135,,,,854.0,59.921
211,2,207,-698.590652310093,-4653.210572001135,,,,857.0,59.917
212,2,208,-697.590652310093,-4652.210572001135,,,,858.0,59.915
213,2,209,-696.590652310093,-4651.210572001135,,,,858.0,59.913
214,2,210,-695.590652310093,-4650.210572001135,,,,857.0,59.909
215,2,211,-694.590652310093,-4649.210572001135,,,,855.0,59.905
216,2,212,-693.590652310093,-4648.210572001135,,,,853.0,59.902
217,2,213,-692.590652310093,-4647.210572001135,,,,851.0,59.9
218,2,214,-691.590652310093,-4646.210572001135,,,,851.0,59.897
219,2,215,-690.590652310093,-4645.210572001135,,,,852.0,59.894
221,2,217,-688.590652310093,-4643.210572001135,,,,855.0,59.892
222,2,218,-687.590652310093,-4642.210572001135,,,,856.0,59.889
223,2,219,-686.590652310093,-4641.210572001135,,,,857.0,59.886
224,2,220,-685.590652310093,-4640.210572001135,,,,859.0,59.883
227,2,223,-682.590652310093,-4637.210572001135,,,,862.0,59.879
229,2,225,-680.590652310093,-4635.210572001135,,,,864.0,59.878
230,2,226,-679.590652310093,-4634.210572001135,,,,864.0,59.873
1108,2,1104,198.409347689907,-3756.210572001135,,,,1439.0,59.866
1109,2,1105,199.409347689907,-3755.210572001135,,,,1438.0,59.856
1110,2,1106,200.409347689907,-3754.210572001135,,,,1437.0,59.848
1111,2,1107,201.409347689907,-3753.210572001135,,,,1438.0,59.836
1112,2,1108,202.409347689907,-3752.210572001135,,,,1437.0,59.825
1113,2,1109,203.409347689907,-3751.210572001135,,,,1437.0,59.815
1114,2,1110,204.409347689907,-3750.210572001135,,,,1440.0,59.803
1115,2,1111,205.409347689907,-3749.210572001135,,,,1441.0,59.792
1116,2,1112,206.409347689907,-3748.210572001135,,,,1443.0,59.783
1117,2,1113,207.409347689907,-3747.210572001135,,,,1445.0,59.773
1118,2,1114,208.409347689907,-3746.210572001135,,,,1446.0,59.763
1119,2,1115,209.409347689907,-3745.210572001135,,,,1447.0,59.753
1120,2,1116,210.409347689907,-3744.210572001135,,,,1448.0,59.742
1121,2,1117,211.409347689907,-3743.210572001135,,,,1448.0,59.734
1122,2,1118,212.409347689907,-3742.210572001135,,,,1450.0,59.723
1123,2,1119,213.409347689907,-3741.210572001135,,,,1452.0,59.716
1124,2,1120,214.409347689907,-3740.210572001135,,,,1453.0,59.709
1125,2,1121,215.409347689907,-3739.210572001135,,,,1455.0,59.7
1126,2,1122,216.409347689907,-3738.210572001135,,,,1454.0,59.694
1127,2,1123,217.409347689907,-3737.210572001135,,,,1455.0,59.686
1128,2,1124,218.409347689907,-3736.210572001135,,,,1456.0,59.68
1129,2,1125,219.409347689907,-3735.210572001135,,,,1459.0,59.672
1130,2,1126,220.409347689907,-3734.210572001135,,,,1461.0,59.667
1131,2,1127,221.409347689907,-3733.210572001135,,,,1462.0,59.662
1132,2,1128,222.409347689907,-3732.210572001135,,,,1464.0,59.656
1133,2,1129,223.409347689907,-3731.210572001135,,,,1466.0,59.652
1134,2,1130,224.409347689907,-3730.210572001135,,,,1467.0,59.648
1135,2,1131,225.409347689907,-3729.210572001135,,,,1468.0,59.646
1137,2,1133,227.409347689907,-3727.210572001135,,,,1470.0,59.645
1277,2,1273,367.409347689907,-3587.210572001135,,,,1459.0,59.641
1278,2,1274,368.409347689907,-3586.210572001135,,,,1458.0,59.634
1279,2,1275,369.409347689907,-3585.210572001135,,,,1459.0,59.627
1280,2,1276,370.409347689907,-3584.210572001135,,,,1459.0,59.617
1281,2,1277,371.409347689907,-3583.210572001135,,,,1462.0,59.613
1282,2,1278,372.409347689907,-3582.210572001135,,,,1464.0,59.605
1283,2,1279,373.409347689907,-3581.210572001135,,,,1465.0,59.601
1284,2,1280,374.409347689907,-3580.210572001135,,,,1468.0,59.594
1285,2,1281,375.409347689907,-3579.210572001135,,,,1469.0,59.592
1286,2,1282,376.409347689907,-3578.210572001135,,,,1471.0,59.589
1287,2,1283,377.409347689907,-3577.210572001135,,,,1474.0,59.588
1289,2,1285,379.409347689907,-3575.210572001135,,,,1479.0,59.587
1304,2,1300,394.409347689907,-3560.210572001135,,,,1496.0,59.586
1305,2,1301,395.409347689907,-3559.210572001135,,,,1500.0,59.584
1318,2,1314,408.409347689907,-3546.210572001135,,,,1521.0,59.579
1319,2,1315,409.409347689907,-3545.210572001135,,,,1524.0,59.573
1472,2,1468,562.409347689907,-3392.210572001135,,,,1423.0,59.571
1473,2,1469,563.409347689907,-3391.210572001135,,,,1424.0,59.568
1474,2,1470,564.409347689907,-3390.210572001135,,,,1427.0,59.566
1475,2,1471,565.409347689907,-3389.210572001135,,,,1430.0,59.56
1476,2,1472,566.409347689907,-3388.210572001135,,,,1432.0,59.558
1477,2,1473,567.409347689907,-3387.210572001135,,,,1433.0,59.556
1478,2,1474,568.409347689907,-3386.210572001135,,,,1434.0,59.555
1479,2,1475,569.409347689907,-3385.210572001135,,,,1434.0,59.554
1522,2,1518,612.409347689907,-3342.210572001135,,,,1414.0,59.548
1523,2,1519,613.409347689907,-3341.210572001135,,,,1414.0,59.54
1524,2,1520,614.409347689907,-3340.210572001135,,,,1415.0,59.529
1525,2,1521,615.409347689907,-3339.210572001135,,,,1415.0,59.52
1526,2,1522,616.409347689907,-3338.210572001135,,,,1416.0,59.508
1527,2,1523,617.409347689907,-3337.210572001135,,,,1415.0,59.498
1528,2,1524,618.409347689907,-3336.210572001135,,,,1415.0,59.487
1529,2,1525,619.409347689907,-3335.210572001135,,,,1417.0,59.477
1530,2,1526,620.409347689907,-3334.210572001135,,,,1418.0,59.467
1531,2,1527,621.409347689907,-3333.210572001135,,,,1418.0,59.457
1532,2,1528,622.409347689907,-3332.210572001135,,,,1419.0,59.45
1533,2,1529,623.409347689907,-3331.210572001135,,,,1419.0,59.442
1534,2,1530,624.409347689907,-3330.210572001135,,,,1420.0,59.439
1535,2,1531,625.409347689907,-3329.210572001135,,,,1421.0,59.434
2254,2,2250,1344.409347689907,-2610.210572001135,,,,1584.0,59.43
2255,2,2251,1345.409347689907,-2609.210572001135,,,,1583.0,59.417
2256,2,2252,1346.409347689907,-2608.210572001135,,,,1580.0,59.403
2257,2,2253,1347.409347689907,-2607.210572001135,,,,1577.0,59.388
2258,2,2254,1348.409347689907,-2606.210572001135,,,,1575.0,59.371
2259,2,2255,1349.409347689907,-2605.210572001135,,,,1572.0,59.355
2260,2,2256,1350.409347689907,-2604.210572001135,,,,1571.0,59.345
2261,2,2257,1351.409347689907,-2603.210572001135,,,,1566.0,59.339
2373,2,2369,1463.409347689907,-2491.210572001135,,,,1529.0,59.338
2374,2,2370,1464.409347689907,-2490.210572001135,,,,1526.0,59.327
2375,2,2371,1465.409347689907,-2489.210572001135,,,,1522.0,59.317
2376,2,2372,1466.409347689907,-2488.210572001135,,,,1519.0,59.305
2377,2,2373,1467.409347689907,-2487.210572001135,,,,1517.0,59.297
2378,2,2374,1468.409347689907,-2486.210572001135,,,,1516.0,59.288
2379,2,2375,1469.409347689907,-2485.210572001135,,,,1515.0,59.28
2380,2,2376,1470.409347689907,-2484.210572001135,,,,1515.0,59.274
2381,2,2377,1471.409347689907,-2483.210572001135,,,,1513.0,59.266
2382,2,2378,1472.409347689907,-2482.210572001135,,,,1511.0,59.258
2383,2,2379,1473.409347689907,-2481.210572001135,,,,1509.0,59.251
2384,2,2380,1474.409347689907,-2480.210572001135,,,,1507.0,59.243
2385,2,2381,1475.409347689907,-2479.210572001135,,,,1505.0,59.233
2386,2,2382,1476.409347689907,-2478.210572001135,,,,1503.0,59.226
2387,2,2383,1477.409347689907,-2477.210572001135,,,,1501.0,59.219
2388,2,2384,1478.409347689907,-2476.210572001135,,,,1499.0,59.213
2389,2,2385,1479.409347689907,-2475.210572001135,,,,1495.0,59.207
2390,2,2386,1480.409347689907,-2474.210572001135,,,,1493.0,59.202
2391,2,2387,1481.409347689907,-2473.210572001135,,,,1491.0,59.198
2392,2,2388,1482.409347689907,-2472.210572001135,,,,1489.0,59.189
2393,2,2389,1483.409347689907,-2471.210572001135,,,,1489.0,59.184
2394,2,2390,1484.409347689907,-2470.210572001135,,,,1487.0,59.179
2395,2,2391,1485.409347689907,-2469.210572001135,,,,1485.0,59.173
2396,2,2392,1486.409347689907,-2468.210572001135,,,,1482.0,59.165
2397,2,2393,1487.409347689907,-2467.210572001135,,,,1480.0,59.155
2398,2,2394,1488.409347689907,-2466.210572001135,,,,1479.0,59.142
2399,2,2395,1489.409347689907,-2465.210572001135,,,,1477.0,59.128
2400,2,2396,1490.409347689907,-2464.210572001135,,,,1475.0,59.117
2401,2,2397,1491.409347689907,-2463.210572001135,,,,1473.0,59.109
2402,2,2398,1492.409347689907,-2462.210572001135,,,,1472.0,59.099
2403,2,2399,1493.409347689907,-2461.210572001135,,,,1471.0,59.094
2404,2,2400,1494.409347689907,-2460.210572001135,,,,1470.0,59.09
2405,2,2401,1495.409347689907,-2459.210572001135,,,,1467.0,59.089
3633,2,3629,2723.409347689907,-1231.210572001135,,,,1413.0,59.078
3634,2,3630,2724.409347689907,-1230.210572001135,,,,1413.0,59.066
3635,2,3631,2725.409347689907,-1229.210572001135,,,,1414.0,59.054
3636,2,3632,2726.409347689907,-1228.210572001135,,,,1415.0,59.042
3637,2,3633,2727.409347689907,-1227.210572001135,,,,1415.0,59.028
3638,2,3634,2728.409347689907,-1226.210572001135,,,,1416.0,59.017
3639,2,3635,2729.409347689907,-1225.210572001135,,,,1418.0,59.005
3640,2,3636,2730.409347689907,-1224.210572001135,,,,1418.0,58.994
3641,2,3637,2731.409347689907,-1223.210572001135,,,,1419.0,58.982
3642,2,3638,2732.409347689907,-1222.210572001135,,,,1419.0,58.973
3643,2,3639,2733.409347689907,-1221.210572001135,,,,1418.0,58.963
3644,2,3640,2734.409347689907,-1220.210572001135,,,,1417.0,58.952
3645,2,3641,2735.409347689907,-1219.210572001135,,,,1415.0,58.941
3646,2,3642,2736.409347689907,-1218.210572001135,,,,1413.0,58.929
3647,2,3643,2737.409347689907,-1217.210572001135,,,,1411.0,58.918
3648,2,3644,2738.409347689907,-1216.210572001135,,,,1409.0,58.907
3649,2,3645,2739.409347689907,-1215.210572001135,,,,1408.0,58.896
3650,2,3646,2740.409347689907,-1214.210572001135,,,,1408.0,58.885
3651,2,3647,2741.409347689907,-1213.210572001135,,,,1408.0,58.875
3652,2,3648,2742.409347689907,-1212.210572001135,,,,1406.0,58.864
3653,2,3649,2743.409347689907,-1211.210572001135,,,,1405.0,58.855
3654,2,3650,2744.409347689907,-1210.210572001135,,,,1402.0,58.843
3655,2,3651,2745.409347689907,-1209.210572001135,,,,1399.0,58.832
3656,2,3652,2746.409347689907,-1208.210572001135,,,,1397.0,58.819
3657,2,3653,2747.409347689907,-1207.210572001135,,,,1396.0,58.806
3658,2,3654,2748.409347689907,-1206.210572001135,,,,1392.0,58.79
3659,2,3655,2749.409347689907,-1205.210572001135,,,,1388.0,58.777
3660,2,3656,2750.409347689907,-1204.210572001135,,,,1385.0,58.763
3661,2,3657,2751.409347689907,-1203.210572001135,,,,1384.0,58.75
3662,2,3658,2752.409347689907,-1202.210572001135,,,,1381.0,58.737
3663,2,3659,2753.409347689907,-1201.210572001135,,,,1379.0,58.724
3664,2,3660,2754.409347689907,-1200.210572001135,,,,1376.0,58.709
3665,2,3661,2755.409347689907,-1199.210572001135,,,,1375.0,58.695
3666,2,3662,2756.409347689907,-1198.210572001135,,,,1373.0,58.683
3667,2,3663,2757.409347689907,-1197.210572001135,,,,1372.0,58.67
3668,2,3664,2758.409347689907,-1196.210572001135,,,,1371.0,58.656
3669,2,3665,2759.409347689907,-1195.210572001135,,,,1368.0,58.643
3670,2,3666,2760.409347689907,-1194.210572001135,,,,1367.0,58.632
3671,2,3667,2761.409347689907,-1193.210572001135,,,,1365.0,58.619
3672,2,3668,2762.409347689907,-1192.210572001135,,,,1362.0,58.606
3673,2,3669,2763.409347689907,-1191.210572001135,,,,1360.0,58.594
3674,2,3670,2764.409347689907,-1190.210572001135,,,,1357.0,58.581
3675,2,3671,2765.409347689907,-1189.210572001135,,,,1356.0,58.566
3676,2,3672,2766.409347689907,-1188.210572001135,,,,1353.0,58.555
3677,2,3673,2767.409347689907,-1187.210572001135,,,,1351.0,58.542
3678,2,3674,2768.409347689907,-1186.210572001135,,,,1348.0,58.529
3679,2,3675,2769.409347689907,-1185.210572001135,,,,1345.0,58.516
3680,2,3676,2770.409347689907,-1184.210572001135,,,,1342.0,58.503
3681,2,3677,2771.409347689907,-1183.210572001135,,,,1339.0,58.49
3682,2,3678,2772.409347689907,-1182.210572001135,,,,1338.0,58.477
3683,2,3679,2773.409347689907,-1181.210572001135,,,,1337.0,58.468
3684,2,3680,2774.409347689907,-1180.210572001135,,,,1335.0,58.455
3685,2,3681,2775.409347689907,-1179.210572001135,,,,1332.0,58.442
3686,2,3682,2776.409347689907,-1178.210572001135,,,,1330.0,58.431
3687,2,3683,2777.409347689907,-1177.210572001135,,,,1330.0,58.417
3688,2,3684,2778.409347689907,-1176.210572001135,,,,1329.0,58.407
3689,2,3685,2779.409347689907,-1175.210572001135,,,,1329.0,58.397
3690,2,3686,2780.409347689907,-1174.210572001135,,,,1329.0,58.385
3691,2,3687,2781.409347689907,-1173.210572001135,,,,1329.0,58.376
3692,2,3688,2782.409347689907,-1172.210572001135,,,,1329.0,58.366
3693,2,3689,2783.409347689907,-1171.210572001135,,,,1328.0,58.358
3694,2,3690,2784.409347689907,-1170.210572001135,,,,1327.0,58.345
3695,2,3691,2785.409347689907,-1169.210572001135,,,,1325.0,58.335
3696,2,3692,2786.409347689907,-1168.210572001135,,,,1323.0,58.324
3697,2,3693,2787.409347689907,-1167.210572001135,,,,1322.0,58.309
3698,2,3694,2788.409347689907,-1166.210572001135,,,,1319.0,58.298
3699,2,3695,2789.409347689907,-1165.210572001135,,,,1316.0,58.287
3700,2,3696,2790.409347689907,-1164.210572001135,,,,1316.0,58.278
3701,2,3697,2791.409347689907,-1163.210572001135,,,,1315.0,58.268
3702,2,3698,2792.409347689907,-1162.210572001135,,,,1312.0,58.258
3703,2,3699,2793.409347689907,-1161.210572001135,,,,1310.0,58.246
3704,2,3700,2794.409347689907,-1160.210572001135,,,,1308.0,58.234
3705,2,3701,2795.409347689907,-1159.210572001135,,,,1305.0,58.225
3706,2,3702,2796.409347689907,-1158.210572001135,,,,1303.0,58.211
3707,2,3703,2797.409347689907,-1157.210572001135,,,,1301.0,58.2
3708,2,3704,2798.409347689907,-1156.210572001135,,,,1300.0,58.19
3709,2,3705,2799.409347689907,-1155.210572001135,,,,1300.0,58.177
3710,2,3706,2800.409347689907,-1154.210572001135,,,,1298.0,58.164
3711,2,3707,2801.409347689907,-1153.210572001135,,,,1296.0,58.154
3712,2,3708,2802.409347689907,-1152.210572001135,,,,1294.0,58.142
3713,2,3709,2803.409347689907,-1151.210572001135,,,,1296.0,58.131
3714,2,3710,2804.409347689907,-1150.210572001135,,,,1297.0,58.121
3715,2,3711,2805.409347689907,-1149.210572001135,,,,1296.0,58.114
3716,2,3712,2806.409347689907,-1148.210572001135,,,,1295.0,58.106
3717,2,3713,2807.409347689907,-1147.210572001135,,,,1294.0,58.097
3718,2,3714,2808.409347689907,-1146.210572001135,,,,1292.0,58.088
3719,2,3715,2809.409347689907,-1145.210572001135,,,,1290.0,58.074
3720,2,3716,2810.409347689907,-1144.210572001135,,,,1289.0,58.064
3721,2,3717,2811.409347689907,-1143.210572001135,,,,1289.0,58.052
3722,2,3718,2812.409347689907,-1142.210572001135,,,,1289.0,58.043
3723,2,3719,2813.409347689907,-1141.210572001135,,,,1289.0,58.034
3724,2,3720,2814.409347689907,-1140.210572001135,,,,1289.0,58.025
3725,2,3721,2815.409347689907,-1139.210572001135,,,,1289.0,58.013
3726,2,3722,2816.409347689907,-1138.210572001135,,,,1291.0,58.002
3727,2,3723,2817.409347689907,-1137.210572001135,,,,1291.0,57.992
3728,2,3724,2818.409347689907,-1136.210572001135,,,,1289.0,57.982
3729,2,3725,2819.409347689907,-1135.210572001135,,,,1289.0,57.973
3730,2,3726,2820.409347689907,-1134.210572001135,,,,1287.0,57.961
3731,2,3727,2821.409347689907,-1133.210572001135,,,,1286.0,57.951
3732,2,3728,2822.409347689907,-1132.210572001135,,,,1286.0,57.937
3733,2,3729,2823.409347689907,-1131.210572001135,,,,1286.0,57.925
3734,2,3730,2824.409347689907,-1130.210572001135,,,,1286.0,57.915
3735,2,3731,2825.409347689907,-1129.210572001135,,,,1286.0,57.904
3736,2,3732,2826.409347689907,-1128.210572001135,,,,1286.0,57.893
3737,2,3733,2827.409347689907,-1127.210572001135,,,,1286.0,57.884
3738,2,3734,2828.409347689907,-1126.210572001135,,,,1286.0,57.872
3739,2,3735,2829.409347689907,-1125.210572001135,,,,1285.0,57.861
3740,2,3736,2830.409347689907,-1124.210572001135,,,,1283.0,57.851
3741,2,3737,2831.409347689907,-1123.210572001135,,,,1281.0,57.84
3742,2,3738,2832.409347689907,-1122.210572001135,,,,1278.0,57.83
3743,2,3739,2833.409347689907,-1121.210572001135,,,,1275.0,57.819
3744,2,3740,2834.409347689907,-1120.210572001135,,,,1271.0,57.807
3745,2,3741,2835.409347689907,-1119.210572001135,,,,1269.0,57.792
3746,2,3742,2836.409347689907,-1118.210572001135,,,,1267.0,57.781
3747,2,3743,2837.409347689907,-1117.210572001135,,,,1265.0,57.77
3748,2,3744,2838.409347689907,-1116.210572001135,,,,1264.0,57.76
3749,2,3745,2839.409347689907,-1115.210572001135,,,,1262.0,57.748
3750,2,3746,2840.409347689907,-1114.210572001135,,,,1259.0,57.736
3751,2,3747,2841.409347689907,-1113.210572001135,,,,1257.0,57.723
3752,2,3748,2842.409347689907,-1112.210572001135,,,,1254.0,57.711
3753,2,3749,2843.409347689907,-1111.210572001135,,,,1253.0,57.699
3754,2,3750,2844.409347689907,-1110.210572001135,,,,1252.0,57.685
3755,2,3751,2845.409347689907,-1109.210572001135,,,,1252.0,57.672
3756,2,3752,2846.409347689907,-1108.210572001135,,,,1250.0,57.661
3757,2,3753,2847.409347689907,-1107.210572001135,,,,1247.0,57.648
3758,2,3754,2848.409347689907,-1106.210572001135,,,,1244.0,57.638
3759,2,3755,2849.409347689907,-1105.210572001135,,,,1241.0,57.623
3760,2,3756,2850.409347689907,-1104.210572001135,,,,1238.0,57.61
3761,2,3757,2851.409347689907,-1103.210572001135,,,,1236.0,57.595
3762,2,3758,2852.409347689907,-1102.210572001135,,,,1234.0,57.58
3763,2,3759,2853.409347689907,-1101.210572001135,,,,1233.0,57.565
3764,2,3760,2854.409347689907,-1100.210572001135,,,,1231.0,57.551
3765,2,3761,2855.409347689907,-1099.210572001135,,,,1230.0,57.539
3766,2,3762,2856.409347689907,-1098.210572001135,,,,1228.0,57.526
3767,2,3763,2857.409347689907,-1097.210572001135,,,,1226.0,57.511
3768,2,3764,2858.409347689907,-1096.210572001135,,,,1223.0,57.497
3769,2,3765,2859.409347689907,-1095.210572001135,,,,1222.0,57.484
3770,2,3766,2860.409347689907,-1094.210572001135,,,,1220.0,57.468
3771,2,3767,2861.409347689907,-1093.210572001135,,,,1219.0,57.453
3772,2,3768,2862.409347689907,-1092.210572001135,,,,1217.0,57.439
3773,2,3769,2863.409347689907,-1091.210572001135,,,,1216.0,57.427
3774,2,3770,2864.409347689907,-1090.210572001135,,,,1214.0,57.414
3775,2,3771,2865.409347689907,-1089.210572001135,,,,1213.0,57.404
3776,2,3772,2866.409347689907,-1088.210572001135,,,,1211.0,57.391
3777,2,3773,2867.409347689907,-1087.210572001135,,,,1210.0,57.378
3778,2,3774,2868.409347689907,-1086.210572001135,,,,1208.0,57.366
3779,2,3775,2869.409347689907,-1085.210572001135,,,,1207.0,57.353
3780,2,3776,2870.409347689907,-1084.210572001135,,,,1206.0,57.342
3781,2,3777,2871.409347689907,-1083.210572001135,,,,1205.0,57.328
3782,2,3778,2872.409347689907,-1082.210572001135,,,,1204.0,57.317
3783,2,3779,2873.409347689907,-1081.210572001135,,,,1204.0,57.307
3784,2,3780,2874.409347689907,-1080.210572001135,,,,1201.0,57.295
3785,2,3781,2875.409347689907,-1079.210572001135,,,,1199.0,57.282
3786,2,3782,2876.409347689907,-1078.210572001135,,,,1198.0,57.269
3787,2,3783,2877.409347689907,-1077.210572001135,,,,1196.0,57.257
3788,2,3784,2878.409347689907,-1076.210572001135,,,,1194.0,57.246
3789,2,3785,2879.409347689907,-1075.210572001135,,,,1194.0,57.233
3790,2,3786,2880.409347689907,-1074.210572001135,,,,1193.0,57.22
3791,2,3787,2881.409347689907,-1073.210572001135,,,,1192.0,57.207
3792,2,3788,2882.409347689907,-1072.210572001135,,,,1190.0,57.194
3793,2,3789,2883.409347689907,-1071.210572001135,,,,1189.0,57.182
3794,2,3790,2884.409347689907,-1070.210572001135,,,,1187.0,57.169
3795,2,3791,2885.409347689907,-1069.210572001135,,,,1187.0,57.158
3796,2,3792,2886.409347689907,-1068.210572001135,,,,1186.0,57.145
3797,2,3793,2887.409347689907,-1067.210572001135,,,,1185.0,57.134
3798,2,3794,2888.409347689907,-1066.210572001135,,,,1183.0,57.121
3799,2,3795,2889.409347689907,-1065.210572001135,,,,1181.0,57.111
3800,2,3796,2890.409347689907,-1064.210572001135,,,,1179.0,57.098
3801,2,3797,2891.409347689907,-1063.210572001135,,,,1177.0,57.086
3802,2,3798,2892.409347689907,-1062.210572001135,,,,1176.0,57.072
3803,2,3799,2893.409347689907,-1061.210572001135,,,,1175.0,57.059
3804,2,3800,2894.409347689907,-1060.210572001135,,,,1175.0,57.048
3805,2,3801,2895.409347689907,-1059.210572001135,,,,1174.0,57.037
3806,2,3802,2896.409347689907,-1058.210572001135,,,,1173.0,57.025
3807,2,3803,2897.409347689907,-1057.210572001135,,,,1172.0,57.015
3808,2,3804,2898.409347689907,-1056.210572001135,,,,1171.0,57.004
3809,2,3805,2899.409347689907,-1055.210572001135,,,,1168.0,56.993
3810,2,3806,2900.409347689907,-1054.210572001135,,,,1166.0,56.98
3811,2,3807,2901.409347689907,-1053.210572001135,,,,1164.0,56.966
3812,2,3808,2902.409347689907,-1052.210572001135,,,,1163.0,56.952
3813,2,3809,2903.409347689907,-1051.210572001135,,,,1162.0,56.939
3814,2,3810,2904.409347689907,-1050.210572001135,,,,1161.0,56.925
3815,2,3811,2905.409347689907,-1049.210572001135,,,,1160.0,56.914
3816,2,3812,2906.409347689907,-1048.210572001135,,,,1159.0,56.902
3817,2,3813,2907.409347689907,-1047.210572001135,,,,1156.0,56.89
3818,2,3814,2908.409347689907,-1046.210572001135,,,,1154.0,56.876
3819,2,3815,2909.409347689907,-1045.210572001135,,,,1152.0,56.859
3820,2,3816,2910.409347689907,-1044.210572001135,,,,1151.0,56.843
3821,2,3817,2911.409347689907,-1043.210572001135,,,,1154.0,56.83
3822,2,3818,2912.409347689907,-1042.210572001135,,,,1157.0,56.821
3823,2,3819,2913.409347689907,-1041.210572001135,,,,1159.0,56.813
3824,2,3820,2914.409347689907,-1040.210572001135,,,,1160.0,56.808
3825,2,3821,2915.409347689907,-1039.210572001135,,,,1159.0,56.801
3826,2,3822,2916.409347689907,-1038.210572001135,,,,1158.0,56.793
3827,2,3823,2917.409347689907,-1037.210572001135,,,,1155.0,56.781
3828,2,3824,2918.409347689907,-1036.210572001135,,,,1154.0,56.77
3829,2,3825,2919.409347689907,-1035.210572001135,,,,1152.0,56.757
3830,2,3826,2920.409347689907,-1034.210572001135,,,,1151.0,56.744
3831,2,3827,2921.409347689907,-1033.210572001135,,,,1151.0,56.734
3832,2,3828,2922.409347689907,-1032.210572001135,,,,1149.0,56.722
3833,2,3829,2923.409347689907,-1031.210572001135,,,,1147.0,56.711
3834,2,3830,2924.409347689907,-1030.210572001135,,,,1145.0,56.698
3835,2,3831,2925.409347689907,-1029.210572001135,,,,1143.0,56.687
3836,2,3832,2926.409347689907,-1028.210572001135,,,,1142.0,56.675
3837,2,3833,2927.409347689907,-1027.210572001135,,,,1140.0,56.661
3838,2,3834,2928.409347689907,-1026.210572001135,,,,1138.0,56.649
3839,2,3835,2929.409347689907,-1025.210572001135,,,,1136.0,56.634
3840,2,3836,2930.409347689907,-1024.210572001135,,,,1133.0,56.62
3841,2,3837,2931.409347689907,-1023.210572001135,,,,1132.0,56.605
3842,2,3838,2932.409347689907,-1022.210572001135,,,,1129.0,56.593
3843,2,3839,2933.409347689907,-1021.210572001135,,,,1127.0,56.584
3844,2,3840,2934.409347689907,-1020.210572001135,,,,1126.0,56.571
3845,2,3841,2935.409347689907,-1019.210572001135,,,,1125.0,56.56
3846,2,3842,2936.409347689907,-1018.210572001135,,,,1123.0,56.544
3847,2,3843,2937.409347689907,-1017.210572001135,,,,1120.0,56.531
3848,2,3844,2938.409347689907,-1016.210572001135,,,,1119.0,56.517
3849,2,3845,2939.409347689907,-1015.210572001135,,,,1118.0,56.505
3850,2,3846,2940.409347689907,-1014.210572001135,,,,1118.0,56.494
3851,2,3847,2941.409347689907,-1013.210572001135,,,,1117.0,56.485
3852,2,3848,2942.409347689907,-1012.210572001135,,,,1115.0,56.476
3853,2,3849,2943.409347689907,-1011.210572001135,,,,1113.0,56.466
3854,2,3850,2944.409347689907,-1010.210572001135,,,,1111.0,56.452
3855,2,3851,2945.409347689907,-1009.210572001135,,,,1108.0,56.441
3856,2,3852,2946.409347689907,-1008.210572001135,,,,1106.0,56.426
3857,2,3853,2947.409347689907,-1007.210572001135,,,,1103.0,56.416
3858,2,3854,2948.409347689907,-1006.210572001135,,,,1102.0,56.403
3859,2,3855,2949.409347689907,-1005.210572001135,,,,1100.0,56.392
3860,2,3856,2950.409347689907,-1004.210572001135,,,,1098.0,56.382
3861,2,3857,2951.409347689907,-1003.210572001135,,,,1096.0,56.369
3862,2,3858,2952.409347689907,-1002.210572001135,,,,1094.0,56.357
3863,2,3859,2953.409347689907,-1001.210572001135,,,,1091.0,56.344
3864,2,3860,2954.409347689907,-1000.210572001135,,,,1088.0,56.334
3865,2,3861,2955.409347689907,-999.210572001135,,,,1087.0,56.322
3866,2,3862,2956.409347689907,-998.210572001135,,,,1086.0,56.312
3867,2,3863,2957.409347689907,-997.210572001135,,,,1083.0,56.302
3868,2,3864,2958.409347689907,-996.210572001135,,,,1080.0,56.29
3869,2,3865,2959.409347689907,-995.210572001135,,,,1077.0,56.276
3870,2,3866,2960.409347689907,-994.210572001135,,,,1074.0,56.264
3871,2,3867,2961.409347689907,-993.210572001135,,,,1071.0,56.251
3872,2,3868,2962.409347689907,-992.210572001135,,,,1069.0,56.239
3873,2,3869,2963.409347689907,-991.210572001135,,,,1066.0,56.227
3874,2,3870,2964.409347689907,-990.210572001135,,,,1064.0,56.218
3875,2,3871,2965.409347689907,-989.210572001135,,,,1062.0,56.206
3876,2,3872,2966.409347689907,-988.210572001135,,,,1060.0,56.195
3877,2,3873,2967.409347689907,-987.210572001135,,,,1057.0,56.182
3878,2,3874,2968.409347689907,-986.210572001135,,,,1054.0,56.167
3879,2,3875,2969.409347689907,-985.210572001135,,,,1052.0,56.156
3880,2,3876,2970.409347689907,-984.210572001135,,,,1050.0,56.145
3881,2,3877,2971.409347689907,-983.210572001135,,,,1049.0,56.133
3882,2,3878,2972.409347689907,-982.210572001135,,,,1047.0,56.123
3883,2,3879,2973.409347689907,-981.210572001135,,,,1045.0,56.113
3884,2,3880,2974.409347689907,-980.210572001135,,,,1041.0,56.098
3885,2,3881,2975.409347689907,-979.210572001135,,,,1038.0,56.087
3886,2,3882,2976.409347689907,-978.210572001135,,,,1036.0,56.076
3887,2,3883,2977.409347689907,-977.210572001135,,,,1033.0,56.064
3888,2,3884,2978.409347689907,-976.210572001135,,,,1031.0,56.054
3889,2,3885,2979.409347689907,-975.210572001135,,,,1028.0,56.045
3890,2,3886,2980.409347689907,-974.210572001135,,,,1027.0,56.033
3891,2,3887,2981.409347689907,-973.210572001135,,,,1024.0,56.022
3892,2,3888,2982.409347689907,-972.210572001135,,,,1021.0,56.01
3893,2,3889,2983.409347689907,-971.210572001135,,,,1019.0,55.999
3894,2,3890,2984.409347689907,-970.210572001135,,,,1017.0,55.986
3895,2,3891,2985.409347689907,-969.210572001135,,,,1016.0,55.976
3896,2,3892,2986.409347689907,-968.210572001135,,,,1013.0,55.963
3897,2,3893,2987.409347689907,-967.210572001135,,,,1012.0,55.952
3898,2,3894,2988.409347689907,-966.210572001135,,,,1009.0,55.942
3899,2,3895,2989.409347689907,-965.210572001135,,,,1007.0,55.929
3900,2,3896,2990.409347689907,-964.210572001135,,,,1004.0,55.915
3901,2,3897,2991.409347689907,-963.210572001135,,,,1004.0,55.902
3902,2,3898,2992.409347689907,-962.210572001135,,,,1002.0,55.888
3903,2,3899,2993.409347689907,-961.210572001135,,,,1000.0,55.875
3904,2,3900,2994.409347689907,-960.210572001135,,,,996.0,55.862
3905,2,3901,2995.409347689907,-959.210572001135,,,,994.0,55.849
3906,2,3902,2996.409347689907,-958.210572001135,,,,993.0,55.835
3907,2,3903,2997.409347689907,-957.210572001135,,,,991.0,55.822
3908,2,3904,2998.409347689907,-956.210572001135,,,,989.0,55.807
3909,2,3905,2999.409347689907,-955.210572001135,,,,986.0,55.793
3910,2,3906,3000.409347689907,-954.210572001135,,,,984.0,55.778
3911,2,3907,3001.409347689907,-953.210572001135,,,,982.0,55.764
3912,2,3908,3002.409347689907,-952.210572001135,,,,982.0,55.751
3913,2,3909,3003.409347689907,-951.210572001135,,,,981.0,55.735
3914,2,3910,3004.409347689907,-950.210572001135,,,,980.0,55.721
3915,2,3911,3005.409347689907,-949.210572001135,,,,977.0,55.707
3916,2,3912,3006.409347689907,-948.210572001135,,,,974.0,55.694
3917,2,3913,3007.409347689907,-947.210572001135,,,,972.0,55.677
3918,2,3914,3008.409347689907,-946.210572001135,,,,971.0,55.662
3919,2,3915,3009.409347689907,-945.210572001135,,,,968.0,55.647
3920,2,3916,3010.409347689907,-944.210572001135,,,,965.0,55.632
3921,2,3917,3011.409347689907,-943.210572001135,,,,962.0,55.618
3922,2,3918,3012.409347689907,-942.210572001135,,,,961.0,55.6
3923,2,3919,3013.409347689907,-941.210572001135,,,,958.0,55.583
3924,2,3920,3014.409347689907,-940.210572001135,,,,955.0,55.567
3925,2,3921,3015.409347689907,-939.210572001135,,,,953.0,55.552
3926,2,3922,3016.409347689907,-938.210572001135,,,,952.0,55.534
3927,2,3923,3017.409347689907,-937.210572001135,,,,951.0,55.521
3928,2,3924,3018.409347689907,-936.210572001135,,,,950.0,55.507
3929,2,3925,3019.409347689907,-935.210572001135,,,,950.0,55.492
3930,2,3926,3020.409347689907,-934.210572001135,,,,950.0,55.479
3931,2,3927,3021.409347689907,-933.210572001135,,,,950.0,55.467
3932,2,3928,3022.409347689907,-932.210572001135,,,,950.0,55.457
3933,2,3929,3023.409347689907,-931.210572001135,,,,951.0,55.448
3934,2,3930,3024.409347689907,-930.210572001135,,,,951.0,55.436
3935,2,3931,3025.409347689907,-929.210572001135,,,,951.0,55.426
3936,2,3932,3026.409347689907,-928.210572001135,,,,952.0,55.417
3937,2,3933,3027.409347689907,-927.210572001135,,,,952.0,55.407
3938,2,3934,3028.409347689907,-926.210572001135,,,,953.0,55.398
3939,2,3935,3029.409347689907,-925.210572001135,,,,953.0,55.389
3940,2,3936,3030.409347689907,-924.210572001135,,,,953.0,55.38
3941,2,3937,3031.409347689907,-923.210572001135,,,,953.0,55.372
3942,2,3938,3032.409347689907,-922.210572001135,,,,953.0,55.364
3943,2,3939,3033.409347689907,-921.210572001135,,,,955.0,55.356
3944,2,3940,3034.409347689907,-920.210572001135,,,,955.0,55.348
3945,2,3941,3035.409347689907,-919.210572001135,,,,956.0,55.34
3946,2,3942,3036.409347689907,-918.210572001135,,,,956.0,55.332
3947,2,3943,3037.409347689907,-917.210572001135,,,,956.0,55.323
3948,2,3944,3038.409347689907,-916.210572001135,,,,957.0,55.318
3949,2,3945,3039.409347689907,-915.210572001135,,,,956.0,55.312
3950,2,3946,3040.409347689907,-914.210572001135,,,,955.0,55.307
3975,2,3971,3065.409347689907,-889.210572001135,,,,946.0,55.304
3976,2,3972,3066.409347689907,-888.210572001135,,,,946.0,55.293
3977,2,3973,3067.409347689907,-887.210572001135,,,,946.0,55.283
3978,2,3974,3068.409347689907,-886.210572001135,,,,947.0,55.272
3979,2,3975,3069.409347689907,-885.210572001135,,,,945.0,55.264
3980,2,3976,3070.409347689907,-884.210572001135,,,,945.0,55.252
3981,2,3977,3071.409347689907,-883.210572001135,,,,944.0,55.243
3982,2,3978,3072.409347689907,-882.210572001135,,,,942.0,55.232
3983,2,3979,3073.409347689907,-881.210572001135,,,,941.0,55.221
3984,2,3980,3074.409347689907,-880.210572001135,,,,940.0,55.21
3985,2,3981,3075.409347689907,-879.210572001135,,,,940.0,55.199
3986,2,3982,3076.409347689907,-878.210572001135,,,,940.0,55.191
3987,2,3983,3077.409347689907,-877.210572001135,,,,938.0,55.183
3988,2,3984,3078.409347689907,-876.210572001135,,,,936.0,55.174
3989,2,3985,3079.409347689907,-875.210572001135,,,,934.0,55.165
3990,2,3986,3080.409347689907,-874.210572001135,,,,932.0,55.155
3991,2,3987,3081.409347689907,-873.210572001135,,,,930.0,55.146
3992,2,3988,3082.409347689907,-872.210572001135,,,,929.0,55.137
3993,2,3989,3083.409347689907,-871.210572001135,,,,928.0,55.13
3994,2,3990,3084.409347689907,-870.210572001135,,,,927.0,55.121
3995,2,3991,3085.409347689907,-869.210572001135,,,,927.0,55.113
3996,2,3992,3086.409347689907,-868.210572001135,,,,925.0,55.104
3997,2,3993,3087.409347689907,-867.210572001135,,,,925.0,55.097
3998,2,3994,3088.409347689907,-866.210572001135,,,,923.0,55.092
3999,2,3995,3089.409347689907,-865.210572001135,,,,921.0,55.086
4000,2,3996,3090.409347689907,-864.210572001135,,,,920.0,55.078
4001,2,3997,3091.409347689907,-863.210572001135,,,,916.0,55.072
4002,2,3998,3092.409347689907,-862.210572001135,,,,913.0,55.063
4003,2,3999,3093.409347689907,-861.210572001135,,,,910.0,55.055
4004,2,4000,3094.409347689907,-860.210572001135,,,,909.0,55.048
4005,2,4001,3095.409347689907,-859.210572001135,,,,907.0,55.039
4006,2,4002,3096.409347689907,-858.210572001135,,,,905.0,55.031
4007,2,4003,3097.409347689907,-857.210572001135,,,,903.0,55.022
4008,2,4004,3098.409347689907,-856.210572001135,,,,901.0,55.014
4009,2,4005,3099.409347689907,-855.210572001135,,,,899.0,55.005
4010,2,4006,3100.409347689907,-854.210572001135,,,,898.0,54.996
4011,2,4007,3101.409347689907,-853.210572001135,,,,894.0,54.988
4012,2,4008,3102.409347689907,-852.210572001135,,,,894.0,54.977
4013,2,4009,3103.409347689907,-851.210572001135,,,,894.0,54.968
4014,2,4010,3104.409347689907,-850.210572001135,,,,898.0,54.961
4015,2,4011,3105.409347689907,-849.210572001135,,,,899.0,54.96
4016,2,4012,3106.409347689907,-848.210572001135,,,,899.0,54.956
4017,2,4013,3107.409347689907,-847.210572001135,,,,898.0,54.953
4018,2,4014,3108.409347689907,-846.210572001135,,,,895.0,54.945
4019,2,4015,3109.409347689907,-845.210572001135,,,,893.0,54.934
4020,2,4016,3110.409347689907,-844.210572001135,,,,890.0,54.925
4021,2,4017,3111.409347689907,-843.210572001135,,,,890.0,54.913
4022,2,4018,3112.409347689907,-842.210572001135,,,,890.0,54.901
4023,2,4019,3113.409347689907,-841.210572001135,,,,892.0,54.893
4024,2,4020,3114.409347689907,-840.210572001135,,,,894.0,54.886
4025,2,4021,3115.409347689907,-839.210572001135,,,,896.0,54.879
4026,2,4022,3116.409347689907,-838.210572001135,,,,896.0,54.877
4027,2,4023,3117.409347689907,-837.210572001135,,,,895.0,54.876
4028,3,1,3118.409347689907,-836.210572001135,,,,896.0,54.873
4041,3,14,3131.409347689907,-823.210572001135,,,,874.0,54.862
4042,3,15,3132.409347689907,-822.210572001135,,,,873.0,54.854
4043,3,16,3133.409347689907,-821.210572001135,,,,872.0,54.843
4044,3,17,3134.409347689907,-820.210572001135,,,,871.0,54.832
4045,3,18,3135.409347689907,-819.210572001135,,,,869.0,54.817
4046,3,19,3136.409347689907,-818.210572001135,,,,868.0,54.804
4047,3,20,3137.409347689907,-817.210572001135,,,,869.0,54.793
4048,3,21,3138.409347689907,-816.210572001135,,,,869.0,54.782
4049,3,22,3139.409347689907,-815.210572001135,,,,868.0,54.771
4050,3,23,3140.409347689907,-814.210572001135,,,,867.0,54.759
4051,3,24,3141.409347689907,-813.210572001135,,,,867.0,54.748
4052,3,25,3142.409347689907,-812.210572001135,,,,866.0,54.737
4053,3,26,3143.409347689907,-811.210572001135,,,,865.0,54.726
4054,3,27,3144.409347689907,-810.210572001135,,,,865.0,54.715
4055,3,28,3145.409347689907,-809.210572001135,,,,863.0,54.704
4056,3,29,3146.409347689907,-808.210572001135,,,,861.0,54.693
4057,3,30,3147.409347689907,-807.210572001135,,,,859.0,54.682
4058,3,31,3148.409347689907,-806.210572001135,,,,857.0,54.667
4059,3,32,3149.409347689907,-805.210572001135,,,,853.0,54.655
4060,3,33,3150.409347689907,-804.210572001135,,,,851.0,54.64
4061,3,34,3151.409347689907,-803.210572001135,,,,850.0,54.627
4062,3,35,3152.409347689907,-802.210572001135,,,,849.0,54.613
4063,3,36,3153.409347689907,-801.210572001135,,,,846.0,54.6
4064,3,37,3154.409347689907,-800.210572001135,,,,843.0,54.585
4065,3,38,3155.409347689907,-799.210572001135,,,,842.0,54.573
4066,3,39,3156.409347689907,-798.210572001135,,,,840.0,54.562
4067,3,40,3157.409347689907,-797.210572001135,,,,837.0,54.545
4068,3,41,3158.409347689907,-796.210572001135,,,,834.0,54.531
4069,3,42,3159.409347689907,-795.210572001135,,,,831.0,54.518
4070,3,43,3160.409347689907,-794.210572001135,,,,830.0,54.501
4071,3,44,3161.409347689907,-793.210572001135,,,,829.0,54.485
4072,3,45,3162.409347689907,-792.210572001135,,,,828.0,54.47
4073,3,46,3163.409347689907,-791.210572001135,,,,824.0,54.457
4074,3,47,3164.409347689907,-790.210572001135,,,,821.0,54.442
4075,3,48,3165.409347689907,-789.210572001135,,,,818.0,54.429
4076,3,49,3166.409347689907,-788.210572001135,,,,814.0,54.413
4077,3,50,3167.409347689907,-787.210572001135,,,,811.0,54.398
4078,3,51,3168.409347689907,-786.210572001135,,,,809.0,54.385
4079,3,52,3169.409347689907,-785.210572001135,,,,806.0,54.367
4080,3,53,3170.409347689907,-784.210572001135,,,,805.0,54.352
4081,3,54,3171.409347689907,-783.210572001135,,,,804.0,54.339
4082,3,55,3172.409347689907,-782.210572001135,,,,802.0,54.322
4083,3,56,3173.409347689907,-781.210572001135,,,,799.0,54.311
4084,3,57,3174.409347689907,-780.210572001135,,,,797.0,54.294
4085,3,58,3175.409347689907,-779.210572001135,,,,796.0,54.279
4086,3,59,3176.409347689907,-778.210572001135,,,,794.0,54.266
4087,3,60,3177.409347689907,-777.210572001135,,,,791.0,54.25
4088,3,61,3178.409347689907,-776.210572001135,,,,792.0,54.233
4089,3,62,3179.409347689907,-775.210572001135,,,,793.0,54.222
4090,3,63,3180.409347689907,-774.210572001135,,,,793.0,54.207
4091,3,64,3181.409347689907,-773.210572001135,,,,792.0,54.2
4092,3,65,3182.409347689907,-772.210572001135,,,,792.0,54.189
4093,3,66,3183.409347689907,-771.210572001135,,,,791.0,54.179
4094,3,67,3184.409347689907,-770.210572001135,,,,791.0,54.168
4095,3,68,3185.409347689907,-769.210572001135,,,,788.0,54.157
4096,3,69,3186.409347689907,-768.210572001135,,,,786.0,54.142
4097,3,70,3187.409347689907,-767.210572001135,,,,783.0,54.132
4098,3,71,3188.409347689907,-766.210572001135,,,,781.0,54.119
4099,3,72,3189.409347689907,-765.210572001135,,,,778.0,54.105
4100,3,73,3190.409347689907,-764.210572001135,,,,776.0,54.092
4101,3,74,3191.409347689907,-763.210572001135,,,,773.0,54.076
4102,3,75,3192.409347689907,-762.210572001135,,,,770.0,54.061
4103,3,76,3193.409347689907,-761.210572001135,,,,768.0,54.048
4104,3,77,3194.409347689907,-760.210572001135,,,,765.0,54.032
4105,3,78,3195.409347689907,-759.210572001135,,,,763.0,54.015
4106,3,79,3196.409347689907,-758.210572001135,,,,761.0,54.001
4107,3,80,3197.409347689907,-757.210572001135,,,,758.0,53.988
4108,3,81,3198.409347689907,-756.210572001135,,,,756.0,53.972
4109,3,82,3199.409347689907,-755.210572001135,,,,753.0,53.957
4110,3,83,3200.409347689907,-754.210572001135,,,,751.0,53.945
4111,3,84,3201.409347689907,-753.210572001135,,,,749.0,53.928
4112,3,85,3202.409347689907,-752.210572001135,,,,746.0,53.912
4113,3,86,3203.409347689907,-751.210572001135,,,,745.0,53.895
4114,3,87,3204.409347689907,-750.210572001135,,,,744.0,53.881
4115,3,88,3205.409347689907,-749.210572001135,,,,741.0,53.868
4116,3,89,3206.409347689907,-748.210572001135,,,,738.0,53.854
4117,3,90,3207.409347689907,-747.210572001135,,,,736.0,53.838
4118,3,91,3208.409347689907,-746.210572001135,,,,734.0,53.825
4119,3,92,3209.409347689907,-745.210572001135,,,,732.0,53.809
4120,3,93,3210.409347689907,-744.210572001135,,,,729.0,53.792
4121,3,94,3211.409347689907,-743.210572001135,,,,727.0,53.778
4122,3,95,3212.409347689907,-742.210572001135,,,,725.0,53.765
4123,3,96,3213.409347689907,-741.210572001135,,,,722.0,53.751
4124,3,97,3214.409347689907,-740.210572001135,,,,719.0,53.738
4125,3,98,3215.409347689907,-739.210572001135,,,,717.0,53.722
4126,3,99,3216.409347689907,-738.210572001135,,,,714.0,53.705
4127,3,100,3217.409347689907,-737.210572001135,,,,713.0,53.689
4128,3,101,3218.409347689907,-736.210572001135,,,,711.0,53.674
4129,3,102,3219.409347689907,-735.210572001135,,,,710.0,53.662
4130,3,103,3220.409347689907,-734.210572001135,,,,709.0,53.645
4131,3,104,3221.409347689907,-733.210572001135,,,,707.0,53.631
4132,3,105,3222.409347689907,-732.210572001135,,,,704.0,53.618
4133,3,106,3223.409347689907,-731.210572001135,,,,701.0,53.601
4134,3,107,3224.409347689907,-730.210572001135,,,,699.0,53.585
4135,3,108,3225.409347689907,-729.210572001135,,,,697.0,53.568
4136,3,109,3226.409347689907,-728.210572001135,,,,695.0,53.551
4137,3,110,3227.409347689907,-727.210572001135,,,,694.0,53.534
4138,3,111,3228.409347689907,-726.210572001135,,,,694.0,53.52
4139,3,112,3229.409347689907,-725.210572001135,,,,693.0,53.506
4140,3,113,3230.409347689907,-724.210572001135,,,,691.0,53.49
4141,3,114,3231.409347689907,-723.210572001135,,,,690.0,53.479
4142,3,115,3232.409347689907,-722.210572001135,,,,687.0,53.462
4143,3,116,3233.409347689907,-721.210572001135,,,,685.0,53.445
4144,3,117,3234.409347689907,-720.210572001135,,,,683.0,53.429
4145,3,118,3235.409347689907,-719.210572001135,,,,681.0,53.412
4146,3,119,3236.409347689907,-718.210572001135,,,,680.0,53.395
4147,3,120,3237.409347689907,-717.210572001135,,,,680.0,53.38
4148,3,121,3238.409347689907,-716.210572001135,,,,679.0,53.367
4149,3,122,3239.409347689907,-715.210572001135,,,,678.0,53.35
4150,3,123,3240.409347689907,-714.210572001135,,,,676.0,53.335
4151,3,124,3241.409347689907,-713.210572001135,,,,674.0,53.319
4152,3,125,3242.409347689907,-712.210572001135,,,,672.0,53.306
4153,3,126,3243.409347689907,-711.210572001135,,,,671.0,53.289
4154,3,127,3244.409347689907,-710.210572001135,,,,670.0,53.272
4155,3,128,3245.409347689907,-709.210572001135,,,,669.0,53.261
4156,3,129,3246.409347689907,-708.210572001135,,,,668.0,53.245
4157,3,130,3247.409347689907,-707.210572001135,,,,666.0,53.228
4158,3,131,3248.409347689907,-706.210572001135,,,,663.0,53.214
4159,3,132,3249.409347689907,-705.210572001135,,,,661.0,53.197
4160,3,133,3250.409347689907,-704.210572001135,,,,659.0,53.185
4161,3,134,3251.409347689907,-703.210572001135,,,,658.0,53.168
4162,3,135,3252.409347689907,-702.210572001135,,,,657.0,53.152
4163,3,136,3253.409347689907,-701.210572001135,,,,655.0,53.138
4164,3,137,3254.409347689907,-700.210572001135,,,,654.0,53.126
4165,3,138,3255.409347689907,-699.210572001135,,,,654.0,53.11
4166,3,139,3256.409347689907,-698.210572001135,,,,654.0,53.099
4167,3,140,3257.409347689907,-697.210572001135,,,,654.0,53.084
4168,3,141,3258.409347689907,-696.210572001135,,,,653.0,53.073
4169,3,142,3259.409347689907,-695.210572001135,,,,652.0,53.063
4170,3,143,3260.409347689907,-694.210572001135,,,,652.0,53.048
4171,3,144,3261.409347689907,-693.210572001135,,,,651.0,53.036
4172,3,145,3262.409347689907,-692.210572001135,,,,650.0,53.026
4173,3,146,3263.409347689907,-691.210572001135,,,,649.0,53.011
4174,3,147,3264.409347689907,-690.210572001135,,,,647.0,52.999
4175,3,148,3265.409347689907,-689.210572001135,,,,646.0,52.984
4176,3,149,3266.409347689907,-688.210572001135,,,,646.0,52.971
4177,3,150,3267.409347689907,-687.210572001135,,,,646.0,52.96
4178,3,151,3268.409347689907,-686.210572001135,,,,645.0,52.948
4179,3,152,3269.409347689907,-685.210572001135,,,,645.0,52.933
4180,3,153,3270.409347689907,-684.210572001135,,,,644.0,52.926
4181,3,154,3271.409347689907,-683.210572001135,,,,645.0,52.915
4182,3,155,3272.409347689907,-682.210572001135,,,,646.0,52.903
4183,3,156,3273.409347689907,-681.210572001135,,,,647.0,52.893
4184,3,157,3274.409347689907,-680.210572001135,,,,647.0,52.885
4185,3,158,3275.409347689907,-679.210572001135,,,,648.0,52.884
4198,3,171,3288.409347689907,-666.210572001135,,,,646.0,52.873
4199,3,172,3289.409347689907,-665.210572001135,,,,647.0,52.865
4200,3,173,3290.409347689907,-664.210572001135,,,,648.0,52.853
4201,3,174,3291.409347689907,-663.210572001135,,,,649.0,52.843
4202,3,175,3292.409347689907,-662.210572001135,,,,650.0,52.835
4203,3,176,3293.409347689907,-661.210572001135,,,,652.0,52.828
4204,3,177,3294.409347689907,-660.210572001135,,,,652.0,52.822
4205,3,178,3295.409347689907,-659.210572001135,,,,653.0,52.817
4215,3,188,3305.409347689907,-649.210572001135,,,,656.0,52.812
4216,3,189,3306.409347689907,-648.210572001135,,,,656.0,52.801
4217,3,190,3307.409347689907,-647.210572001135,,,,658.0,52.789
4218,3,191,3308.409347689907,-646.210572001135,,,,659.0,52.779
4219,3,192,3309.409347689907,-645.210572001135,,,,661.0,52.772
4220,3,193,3310.409347689907,-644.210572001135,,,,662.0,52.77
4233,3,206,3323.409347689907,-631.210572001135,,,,662.0,52.766
4234,3,207,3324.409347689907,-630.210572001135,,,,662.0,52.755
4235,3,208,3325.409347689907,-629.210572001135,,,,663.0,52.739
4236,3,209,3326.409347689907,-628.210572001135,,,,664.0,52.731
4237,3,210,3327.409347689907,-627.210572001135,,,,666.0,52.721
4238,3,211,3328.409347689907,-626.210572001135,,,,665.0,52.718
4239,3,212,3329.409347689907,-625.210572001135,,,,664.0,52.713
4255,3,228,3345.409347689907,-609.210572001135,,,,658.0,52.702
4256,3,229,3346.409347689907,-608.210572001135,,,,659.0,52.69
4257,3,230,3347.409347689907,-607.210572001135,,,,660.0,52.679
4258,3,231,3348.409347689907,-606.210572001135,,,,661.0,52.669
4259,3,232,3349.409347689907,-605.210572001135,,,,660.0,52.66
4260,3,233,3350.409347689907,-604.210572001135,,,,661.0,52.656
4261,3,234,3351.409347689907,-603.210572001135,,,,660.0,52.653
4330,3,303,3420.409347689907,-534.210572001135,,,,668.0,52.643
4331,3,304,3421.409347689907,-533.210572001135,,,,669.0,52.631
4332,3,305,3422.409347689907,-532.210572001135,,,,670.0,52.624
4333,3,306,3423.409347689907,-531.210572001135,,,,670.0,52.623
4334,3,307,3424.409347689907,-530.210572001135,,,,669.0,52.622
4346,3,319,3436.409347689907,-518.210572001135,,,,670.0,52.611
4347,3,320,3437.409347689907,-517.210572001135,,,,671.0,52.599
4348,3,321,3438.409347689907,-516.210572001135,,,,670.0,52.588
4349,3,322,3439.409347689907,-515.210572001135,,,,670.0,52.578
4350,3,323,3440.409347689907,-514.210572001135,,,,670.0,52.57
4351,3,324,3441.409347689907,-513.210572001135,,,,670.0,52.563
4352,3,325,3442.409347689907,-512.210572001135,,,,671.0,52.557
4353,3,326,3443.409347689907,-511.210572001135,,,,671.0,52.556
4354,3,327,3444.409347689907,-510.210572001135,,,,671.0,52.555
4373,3,346,3463.409347689907,-491.210572001135,,,,670.0,52.552
4374,3,347,3464.409347689907,-490.210572001135,,,,670.0,52.54
4375,3,348,3465.409347689907,-489.210572001135,,,,670.0,52.529
4376,3,349,3466.409347689907,-488.210572001135,,,,670.0,52.518
4377,3,350,3467.409347689907,-487.210572001135,,,,670.0,52.512
4378,3,351,3468.409347689907,-486.210572001135,,,,670.0,52.509
4404,3,377,3494.409347689907,-460.210572001135,,,,668.0,52.507
4405,3,378,3495.409347689907,-459.210572001135,,,,669.0,52.494
4406,3,379,3496.409347689907,-458.210572001135,,,,670.0,52.484
4407,3,380,3497.409347689907,-457.210572001135,,,,670.0,52.477
4408,3,381,3498.409347689907,-456.210572001135,,,,670.0,52.476
4418,3,391,3508.409347689907,-446.210572001135,,,,670.0,52.473
4419,3,392,3509.409347689907,-445.210572001135,,,,670.0,52.46
4420,3,393,3510.409347689907,-444.210572001135,,,,670.0,52.445
4421,3,394,3511.409347689907,-443.210572001135,,,,670.0,52.433
4422,3,395,3512.409347689907,-442.210572001135,,,,671.0,52.425
4423,3,396,3513.409347689907,-441.210572001135,,,,671.0,52.415
4424,3,397,3514.409347689907,-440.210572001135,,,,672.0,52.412
4425,3,398,3515.409347689907,-439.210572001135,,,,672.0,52.411
4447,3,420,3537.409347689907,-417.210572001135,,,,670.0,52.407
4448,3,421,3538.409347689907,-416.210572001135,,,,669.0,52.401
4449,3,422,3539.409347689907,-415.210572001135,,,,669.0,52.396
4468,3,441,3558.409347689907,-396.210572001135,,,,669.0,52.383
4469,3,442,3559.409347689907,-395.210572001135,,,,670.0,52.371
4470,3,443,3560.409347689907,-394.210572001135,,,,670.0,52.356
4471,3,444,3561.409347689907,-393.210572001135,,,,670.0,52.343
4472,3,445,3562.409347689907,-392.210572001135,,,,670.0,52.331
4473,3,446,3563.409347689907,-391.210572001135,,,,670.0,52.319
4474,3,447,3564.409347689907,-390.210572001135,,,,670.0,52.308
4475,3,448,3565.409347689907,-389.210572001135,,,,670.0,52.296
4476,3,449,3566.409347689907,-388.210572001135,,,,670.0,52.281
4477,3,450,3567.409347689907,-387.210572001135,,,,671.0,52.27
4478,3,451,3568.409347689907,-386.210572001135,,,,671.0,52.257
4479,3,452,3569.409347689907,-385.210572001135,,,,672.0,52.245
4480,3,453,3570.409347689907,-384.210572001135,,,,673.0,52.235
4481,3,454,3571.409347689907,-383.210572001135,,,,674.0,52.227
4482,3,455,3572.409347689907,-382.210572001135,,,,675.0,52.215
4483,3,456,3573.409347689907,-381.210572001135,,,,675.0,52.205
4484,3,457,3574.409347689907,-380.210572001135,,,,675.0,52.197
4485,3,458,3575.409347689907,-379.210572001135,,,,674.0,52.186
4486,3,459,3576.409347689907,-378.210572001135,,,,673.0,52.171
4487,3,460,3577.409347689907,-377.210572001135,,,,672.0,52.159
4488,3,461,3578.409347689907,-376.210572001135,,,,671.0,52.146
4489,3,462,3579.409347689907,-375.210572001135,,,,670.0,52.132
4490,3,463,3580.409347689907,-374.210572001135,,,,670.0,52.119
4491,3,464,3581.409347689907,-373.210572001135,,,,670.0,52.104
4492,3,465,3582.409347689907,-372.210572001135,,,,669.0,52.091
4493,3,466,3583.409347689907,-371.210572001135,,,,668.0,52.08
4494,3,467,3584.409347689907,-370.210572001135,,,,665.0,52.064
4495,3,468,3585.409347689907,-369.210572001135,,,,662.0,52.053
4496,3,469,3586.409347689907,-368.210572001135,,,,660.0,52.037
4497,3,470,3587.409347689907,-367.210572001135,,,,657.0,52.022
4498,3,471,3588.409347689907,-366.210572001135,,,,655.0,52.01
4499,3,472,3589.409347689907,-365.210572001135,,,,654.0,51.995
4500,3,473,3590.409347689907,-364.210572001135,,,,652.0,51.982
4501,3,474,3591.409347689907,-363.210572001135,,,,650.0,51.972
4502,3,475,3592.409347689907,-362.210572001135,,,,647.0,51.956
4503,3,476,3593.409347689907,-361.210572001135,,,,644.0,51.941
4504,3,477,3594.409347689907,-360.210572001135,,,,641.0,51.928
4505,3,478,3595.409347689907,-359.210572001135,,,,639.0,51.912
4506,3,479,3596.409347689907,-358.210572001135,,,,638.0,51.897
4507,3,480,3597.409347689907,-357.210572001135,,,,636.0,51.884
4508,3,481,3598.409347689907,-356.210572001135,,,,633.0,51.869
4509,3,482,3599.409347689907,-355.210572001135,,,,631.0,51.856
4510,3,483,3600.409347689907,-354.210572001135,,,,627.0,51.839
4511,3,484,3601.409347689907,-353.210572001135,,,,625.0,51.825
4512,3,485,3602.409347689907,-352.210572001135,,,,623.0,51.811
4513,3,486,3603.409347689907,-351.210572001135,,,,622.0,51.795
4514,3,487,3604.409347689907,-350.210572001135,,,,619.0,51.783
4515,3,488,3605.409347689907,-349.210572001135,,,,617.0,51.769
4516,3,489,3606.409347689907,-348.210572001135,,,,616.0,51.755
4517,3,490,3607.409347689907,-347.210572001135,,,,613.0,51.74
4518,3,491,3608.409347689907,-346.210572001135,,,,611.0,51.727
4519,3,492,3609.409347689907,-345.210572001135,,,,608.0,51.716
4520,3,493,3610.409347689907,-344.210572001135,,,,606.0,51.699
4521,3,494,3611.409347689907,-343.210572001135,,,,604.0,51.684
4522,3,495,3612.409347689907,-342.210572001135,,,,603.0,51.667
4523,3,496,3613.409347689907,-341.210572001135,,,,601.0,51.653
4524,3,497,3614.409347689907,-340.210572001135,,,,601.0,51.636
4525,3,498,3615.409347689907,-339.210572001135,,,,600.0,51.622
4526,3,499,3616.409347689907,-338.210572001135,,,,598.0,51.608
4527,3,500,3617.409347689907,-337.210572001135,,,,596.0,51.591
4528,3,501,3618.409347689907,-336.210572001135,,,,594.0,51.574
4529,3,502,3619.409347689907,-335.210572001135,,,,592.0,51.559
4530,3,503,3620.409347689907,-334.210572001135,,,,590.0,51.546
4531,3,504,3621.409347689907,-333.210572001135,,,,588.0,51.529
4532,3,505,3622.409347689907,-332.210572001135,,,,586.0,51.512
4533,3,506,3623.409347689907,-331.210572001135,,,,585.0,51.498
4534,3,507,3624.409347689907,-330.210572001135,,,,583.0,51.484
4535,3,508,3625.409347689907,-329.210572001135,,,,581.0,51.468
4536,3,509,3626.409347689907,-328.210572001135,,,,578.0,51.452
4537,3,510,3627.409347689907,-327.210572001135,,,,576.0,51.436
4538,3,511,3628.409347689907,-326.210572001135,,,,574.0,51.422
4539,3,512,3629.409347689907,-325.210572001135,,,,572.0,51.405
4540,3,513,3630.409347689907,-324.210572001135,,,,571.0,51.388
4541,3,514,3631.409347689907,-323.210572001135,,,,569.0,51.377
4542,3,515,3632.409347689907,-322.210572001135,,,,567.0,51.36
4543,3,516,3633.409347689907,-321.210572001135,,,,565.0,51.349
4544,3,517,3634.409347689907,-320.210572001135,,,,562.0,51.332
4545,3,518,3635.409347689907,-319.210572001135,,,,559.0,51.317
4546,3,519,3636.409347689907,-318.210572001135,,,,557.0,51.303
4547,3,520,3637.409347689907,-317.210572001135,,,,555.0,51.286
4548,3,521,3638.409347689907,-316.210572001135,,,,552.0,51.271
4549,3,522,3639.409347689907,-315.210572001135,,,,550.0,51.258
4550,3,523,3640.409347689907,-314.210572001135,,,,549.0,51.243
4551,3,524,3641.409347689907,-313.210572001135,,,,546.0,51.229
4552,3,525,3642.409347689907,-312.210572001135,,,,542.0,51.214
4553,3,526,3643.409347689907,-311.210572001135,,,,540.0,51.201
4554,3,527,3644.409347689907,-310.210572001135,,,,537.0,51.184
4555,3,528,3645.409347689907,-309.210572001135,,,,534.0,51.167
4556,3,529,3646.409347689907,-308.210572001135,,,,530.0,51.151
4557,3,530,3647.409347689907,-307.210572001135,,,,529.0,51.135
4558,3,531,3648.409347689907,-306.210572001135,,,,528.0,51.119
4559,3,532,3649.409347689907,-305.210572001135,,,,527.0,51.102
4560,3,533,3650.409347689907,-304.210572001135,,,,523.0,51.089
4561,3,534,3651.409347689907,-303.210572001135,,,,521.0,51.072
4562,3,535,3652.409347689907,-302.210572001135,,,,520.0,51.055
4563,3,536,3653.409347689907,-301.210572001135,,,,518.0,51.039
4564,3,537,3654.409347689907,-300.210572001135,,,,516.0,51.026
4565,3,538,3655.409347689907,-299.210572001135,,,,515.0,51.009
4566,3,539,3656.409347689907,-298.210572001135,,,,514.0,50.994
4567,3,540,3657.409347689907,-297.210572001135,,,,514.0,50.981
4568,3,541,3658.409347689907,-296.210572001135,,,,514.0,50.966
4569,3,542,3659.409347689907,-295.210572001135,,,,514.0,50.953
4570,3,543,3660.409347689907,-294.210572001135,,,,510.0,50.941
4571,3,544,3661.409347689907,-293.210572001135,,,,509.0,50.93
4572,3,545,3662.409347689907,-292.210572001135,,,,508.0,50.913
4573,3,546,3663.409347689907,-291.210572001135,,,,507.0,50.901
4574,3,547,3664.409347689907,-290.210572001135,,,,505.0,50.884
4575,3,548,3665.409347689907,-289.210572001135,,,,503.0,50.869
4576,3,549,3666.409347689907,-288.210572001135,,,,503.0,50.856
4577,3,550,3667.409347689907,-287.210572001135,,,,504.0,50.841
4578,3,551,3668.409347689907,-286.210572001135,,,,503.0,50.828
4579,3,552,3669.409347689907,-285.210572001135,,,,502.0,50.817
4580,3,553,3670.409347689907,-284.210572001135,,,,502.0,50.805
4581,3,554,3671.409347689907,-283.210572001135,,,,501.0,50.794
4582,3,555,3672.409347689907,-282.210572001135,,,,500.0,50.779
4583,3,556,3673.409347689907,-281.210572001135,,,,497.0,50.766
4584,3,557,3674.409347689907,-280.210572001135,,,,497.0,50.751
4585,3,558,3675.409347689907,-279.210572001135,,,,498.0,50.738
4586,3,559,3676.409347689907,-278.210572001135,,,,499.0,50.726
4587,3,560,3677.409347689907,-277.210572001135,,,,499.0,50.715
4588,3,561,3678.409347689907,-276.210572001135,,,,499.0,50.704
4589,3,562,3679.409347689907,-275.210572001135,,,,496.0,50.692
4590,3,563,3680.409347689907,-274.210572001135,,,,495.0,50.677
4591,3,564,3681.409347689907,-273.210572001135,,,,493.0,50.664
4592,3,565,3682.409347689907,-272.210572001135,,,,493.0,50.653
4593,3,566,3683.409347689907,-271.210572001135,,,,493.0,50.641
4594,3,567,3684.409347689907,-270.210572001135,,,,493.0,50.63
4595,3,568,3685.409347689907,-269.210572001135,,,,493.0,50.618
4596,3,569,3686.409347689907,-268.210572001135,,,,491.0,50.603
4597,3,570,3687.409347689907,-267.210572001135,,,,489.0,50.59
4598,3,571,3688.409347689907,-266.210572001135,,,,488.0,50.579
4599,3,572,3689.409347689907,-265.210572001135,,,,488.0,50.567
4600,3,573,3690.409347689907,-264.210572001135,,,,488.0,50.556
4601,3,574,3691.409347689907,-263.210572001135,,,,487.0,50.545
4602,3,575,3692.409347689907,-262.210572001135,,,,487.0,50.533
4603,3,576,3693.409347689907,-261.210572001135,,,,486.0,50.518
4604,3,577,3694.409347689907,-260.210572001135,,,,486.0,50.507
4605,3,578,3695.409347689907,-259.210572001135,,,,484.0,50.493
4606,3,579,3696.409347689907,-258.210572001135,,,,483.0,50.482
4607,3,580,3697.409347689907,-257.210572001135,,,,483.0,50.471
4608,3,581,3698.409347689907,-256.210572001135,,,,482.0,50.459
4609,3,582,3699.409347689907,-255.210572001135,,,,481.0,50.444
4610,3,583,3700.409347689907,-254.210572001135,,,,481.0,50.431
4611,3,584,3701.409347689907,-253.210572001135,,,,481.0,50.42
4612,3,585,3702.409347689907,-252.210572001135,,,,481.0,50.405
4613,3,586,3703.409347689907,-251.210572001135,,,,482.0,50.394
4614,3,587,3704.409347689907,-250.210572001135,,,,483.0,50.383
4615,3,588,3705.409347689907,-249.210572001135,,,,484.0,50.371
4616,3,589,3706.409347689907,-248.210572001135,,,,483.0,50.36
4617,3,590,3707.409347689907,-247.210572001135,,,,483.0,50.353
4618,3,591,3708.409347689907,-246.210572001135,,,,482.0,50.341
4619,3,592,3709.409347689907,-245.210572001135,,,,481.0,50.33
4620,3,593,3710.409347689907,-244.210572001135,,,,480.0,50.319
4621,3,594,3711.409347689907,-243.210572001135,,,,480.0,50.308
4622,3,595,3712.409347689907,-242.210572001135,,,,480.0,50.297
4623,3,596,3713.409347689907,-241.210572001135,,,,481.0,50.286
4624,3,597,3714.409347689907,-240.210572001135,,,,482.0,50.274
4625,3,598,3715.409347689907,-239.210572001135,,,,483.0,50.263
4626,3,599,3716.409347689907,-238.210572001135,,,,484.0,50.254
4627,3,600,3717.409347689907,-237.210572001135,,,,485.0,50.249
4628,3,601,3718.409347689907,-236.210572001135,,,,487.0,50.241
4629,3,602,3719.409347689907,-235.210572001135,,,,488.0,50.236
4630,3,603,3720.409347689907,-234.210572001135,,,,489.0,50.225
4631,3,604,3721.409347689907,-233.210572001135,,,,488.0,50.214
4632,3,605,3722.409347689907,-232.210572001135,,,,486.0,50.203
4633,3,606,3723.409347689907,-231.210572001135,,,,486.0,50.191
4634,3,607,3724.409347689907,-230.210572001135,,,,486.0,50.18
4635,3,608,3725.409347689907,-229.210572001135,,,,487.0,50.165
4636,3,609,3726.409347689907,-228.210572001135,,,,488.0,50.154
4637,3,610,3727.409347689907,-227.210572001135,,,,489.0,50.141
4638,3,611,3728.409347689907,-226.210572001135,,,,489.0,50.13
4639,3,612,3729.409347689907,-225.210572001135,,,,487.0,50.119
4640,3,613,3730.409347689907,-224.210572001135,,,,486.0,50.108
4641,3,614,3731.409347689907,-223.210572001135,,,,484.0,50.093
4642,3,615,3732.409347689907,-222.210572001135,,,,482.0,50.08
4643,3,616,3733.409347689907,-221.210572001135,,,,482.0,50.066
4644,3,617,3734.409347689907,-220.210572001135,,,,481.0,50.053
4645,3,618,3735.409347689907,-219.210572001135,,,,479.0,50.041
4646,3,619,3736.409347689907,-218.210572001135,,,,480.0,50.027
4647,3,620,3737.409347689907,-217.210572001135,,,,480.0,50.014
4648,3,621,3738.409347689907,-216.210572001135,,,,481.0,49.999
4649,3,622,3739.409347689907,-215.210572001135,,,,483.0,49.986
4650,3,623,3740.409347689907,-214.210572001135,,,,484.0,49.975
4651,3,624,3741.409347689907,-213.210572001135,,,,486.0,49.964
4652,3,625,3742.409347689907,-212.210572001135,,,,487.0,49.954
4653,3,626,3743.409347689907,-211.210572001135,,,,487.0,49.948
4654,3,627,3744.409347689907,-210.210572001135,,,,486.0,49.947
4739,3,712,3829.409347689907,-125.210572001135,,,,506.0,49.943
4740,3,713,3830.409347689907,-124.210572001135,,,,507.0,49.936
4741,3,714,3831.409347689907,-123.210572001135,,,,507.0,49.926
4742,3,715,3832.409347689907,-122.210572001135,,,,507.0,49.925
4757,3,730,3847.409347689907,-107.210572001135,,,,514.0,49.915
4758,3,731,3848.409347689907,-106.210572001135,,,,514.0,49.902
4759,3,732,3849.409347689907,-105.210572001135,,,,514.0,49.891
4760,3,733,3850.409347689907,-104.210572001135,,,,514.0,49.876
4761,3,734,3851.409347689907,-103.210572001135,,,,515.0,49.865
4762,3,735,3852.409347689907,-102.210572001135,,,,515.0,49.852
4763,3,736,3853.409347689907,-101.210572001135,,,,514.0,49.841
4764,3,737,3854.409347689907,-100.210572001135,,,,514.0,49.826
4765,3,738,3855.409347689907,-99.210572001135,,,,514.0,49.814
4766,3,739,3856.409347689907,-98.210572001135,,,,514.0,49.802
4767,3,740,3857.409347689907,-97.210572001135,,,,514.0,49.788
4768,3,741,3858.409347689907,-96.210572001135,,,,512.0,49.775
4769,3,742,3859.409347689907,-95.210572001135,,,,510.0,49.764
4770,3,743,3860.409347689907,-94.210572001135,,,,509.0,49.749
4771,3,744,3861.409347689907,-93.210572001135,,,,508.0,49.736
4772,3,745,3862.409347689907,-92.210572001135,,,,506.0,49.72
4773,3,746,3863.409347689907,-91.210572001135,,,,506.0,49.705
4774,3,747,3864.409347689907,-90.210572001135,,,,506.0,49.693
4775,3,748,3865.409347689907,-89.210572001135,,,,505.0,49.682
4776,3,749,3866.409347689907,-88.210572001135,,,,504.0,49.667
4777,3,750,3867.409347689907,-87.210572001135,,,,502.0,49.654
4778,3,751,3868.409347689907,-86.210572001135,,,,500.0,49.643
4779,3,752,3869.409347689907,-85.210572001135,,,,500.0,49.629
4780,3,753,3870.409347689907,-84.210572001135,,,,499.0,49.616
4781,3,754,3871.409347689907,-83.210572001135,,,,497.0,49.606
4782,3,755,3872.409347689907,-82.210572001135,,,,495.0,49.595
4783,3,756,3873.409347689907,-81.210572001135,,,,494.0,49.584
4784,3,757,3874.409347689907,-80.210572001135,,,,493.0,49.57
4785,3,758,3875.409347689907,-79.210572001135,,,,493.0,49.557
4786,3,759,3876.409347689907,-78.210572001135,,,,493.0,49.547
4787,3,760,3877.409347689907,-77.210572001135,,,,494.0,49.536
4788,3,761,3878.409347689907,-76.210572001135,,,,495.0,49.526
4789,3,762,3879.409347689907,-75.210572001135,,,,496.0,49.511
4790,3,763,3880.409347689907,-74.210572001135,,,,496.0,49.503
4791,3,764,3881.409347689907,-73.210572001135,,,,496.0,49.497
4792,3,765,3882.409347689907,-72.210572001135,,,,495.0,49.492
4807,3,780,3897.409347689907,-57.210572001135,,,,467.0,49.491
4808,3,781,3898.409347689907,-56.210572001135,,,,465.0,49.487
4809,3,782,3899.409347689907,-55.210572001135,,,,463.0,49.485
4810,3,783,3900.409347689907,-54.210572001135,,,,462.0,49.479
4811,3,784,3901.409347689907,-53.210572001135,,,,460.0,49.474
4812,3,785,3902.409347689907,-52.210572001135,,,,459.0,49.468
4813,3,786,3903.409347689907,-51.210572001135,,,,457.0,49.465
4814,3,787,3904.409347689907,-50.210572001135,,,,456.0,49.463
4815,3,788,3905.409347689907,-49.210572001135,,,,454.0,49.457
4816,3,789,3906.409347689907,-48.210572001135,,,,453.0,49.452
4817,3,790,3907.409347689907,-47.210572001135,,,,451.0,49.447
4818,3,791,3908.409347689907,-46.210572001135,,,,449.0,49.441
4819,3,792,3909.409347689907,-45.210572001135,,,,448.0,49.436
4820,3,793,3910.409347689907,-44.210572001135,,,,446.0,49.431
4821,3,794,3911.409347689907,-43.210572001135,,,,444.0,49.426
4822,3,795,3912.409347689907,-42.210572001135,,,,440.0,49.421
4823,3,796,3913.409347689907,-41.210572001135,,,,439.0,49.416
4824,3,797,3914.409347689907,-40.210572001135,,,,437.0,49.411
4825,3,798,3915.409347689907,-39.210572001135,,,,434.0,49.403
4826,3,799,3916.409347689907,-38.210572001135,,,,433.0,49.396
4827,3,800,3917.409347689907,-37.210572001135,,,,433.0,49.391
4828,3,801,3918.409347689907,-36.210572001135,,,,432.0,49.386
4829,3,802,3919.409347689907,-35.210572001135,,,,431.0,49.382
4830,3,803,3920.409347689907,-34.210572001135,,,,429.0,49.374
4831,3,804,3921.409347689907,-33.210572001135,,,,428.0,49.369
4832,3,805,3922.409347689907,-32.210572001135,,,,426.0,49.363
4833,3,806,3923.409347689907,-31.210572001135,,,,424.0,49.358
4834,3,807,3924.409347689907,-30.210572001135,,,,421.0,49.354
4835,3,808,3925.409347689907,-29.210572001135,,,,420.0,49.35
4836,3,809,3926.409347689907,-28.210572001135,,,,418.0,49.342
4837,3,810,3927.409347689907,-27.210572001135,,,,416.0,49.336
4838,3,811,3928.409347689907,-26.210572001135,,,,414.0,49.332
4839,3,812,3929.409347689907,-25.210572001135,,,,413.0,49.328
4840,3,813,3930.409347689907,-24.210572001135,,,,412.0,49.32
4841,3,814,3931.409347689907,-23.210572001135,,,,410.0,49.314
4842,3,815,3932.409347689907,-22.210572001135,,,,408.0,49.311
4843,3,816,3933.409347689907,-21.210572001135,,,,407.0,49.303
4844,3,817,3934.409347689907,-20.210572001135,,,,405.0,49.299
4846,3,819,3936.409347689907,-18.210572001135,,,,402.0,49.295
