fixIdx,time,lat,lng,alt,tickLead,tickRace,zoneIdx,legIdx,togo,area
1,,,,849.0,-3159.537241041478,-4445.210572001135,1,0,60.718,0.0
6,,,,848.0,-3154.537241041478,-4440.210572001135,6,0,60.716,0.0
14,,,,846.0,-3146.537241041478,-4432.210572001135,14,0,60.715,0.0
15,,,,845.0,-3145.537241041478,-4431.210572001135,15,0,60.714,0.0
16,,,,844.0,-3144.537241041478,-4430.210572001135,16,0,60.71,0.0
17,,,,844.0,-3143.537241041478,-4429.210572001135,17,0,60.709,0.0
18,,,,841.0,-3142.537241041478,-4428.210572001135,18,0,60.704,0.0
19,,,,839.0,-3141.537241041478,-4427.210572001135,19,0,60.701,0.0
20,,,,839.0,-3140.537241041478,-4426.210572001135,20,0,60.699,0.0
21,,,,843.0,-3139.537241041478,-4425.210572001135,21,0,60.695,0.0
23,,,,850.0,-3137.537241041478,-4423.210572001135,23,0,60.693,0.0
24,,,,850.0,-3136.537241041478,-4422.210572001135,24,0,60.689,0.0
25,,,,850.0,-3135.537241041478,-4421.210572001135,25,0,60.684,0.0
26,,,,851.0,-3134.537241041478,-4420.210572001135,26,0,60.682,0.0
27,,,,854.0,-3133.537241041478,-4419.210572001135,27,0,60.678,0.0
28,,,,856.0,-3132.537241041478,-4418.210572001135,28,0,60.677,0.0
29,,,,856.0,-3131.537241041478,-4417.210572001135,29,0,60.676,0.0
31,,,,851.0,-3129.537241041478,-4415.210572001135,31,0,60.674,0.0
32,,,,848.0,-3128.537241041478,-4414.210572001135,32,0,60.666,0.0
33,,,,848.0,-3127.537241041478,-4413.210572001135,33,0,60.662,0.0
34,,,,848.0,-3126.537241041478,-4412.210572001135,34,0,60.656,0.0
35,,,,851.0,-3125.537241041478,-4411.210572001135,35,0,60.65,0.0
36,,,,854.0,-3124.537241041478,-4410.210572001135,36,0,60.645,0.0
37,,,,856.0,-3123.537241041478,-4409.210572001135,37,0,60.641,0.0
38,,,,858.0,-3122.537241041478,-4408.210572001135,38,0,60.635,0.0
39,,,,859.0,-3121.537241041478,-4407.210572001135,39,0,60.629,0.0
40,,,,859.0,-3120.537241041478,-4406.210572001135,40,0,60.624,0.0
41,,,,860.0,-3119.537241041478,-4405.210572001135,41,0,60.622,0.0
42,,,,860.0,-3118.537241041478,-4404.210572001135,42,0,60.618,0.0
43,,,,859.0,-3117.537241041478,-4403.210572001135,43,0,60.612,0.0
44,,,,857.0,-3116.537241041478,-4402.210572001135,44,0,60.606,0.0
45,,,,855.0,-3115.537241041478,-4401.210572001135,45,0,60.601,0.0
46,,,,854.0,-3114.537241041478,-4400.210572001135,46,0,60.595,0.0
47,,,,852.0,-3113.537241041478,-4399.210572001135,47,0,60.588,0.0
48,,,,850.0,-3112.537241041478,-4398.210572001135,48,0,60.578,0.0
49,,,,849.0,-3111.537241041478,-4397.210572001135,49,0,60.573,0.0
50,,,,848.0,-3110.537241041478,-4396.210572001135,50,0,60.567,0.0
51,,,,847.0,-3109.537241041478,-4395.210572001135,51,0,60.561,0.0
52,,,,846.0,-3108.537241041478,-4394.210572001135,52,0,60.555,0.0
53,,,,844.0,-3107.537241041478,-4393.210572001135,53,0,60.55,0.0
54,,,,843.0,-3106.537241041478,-4392.210572001135,54,0,60.545,0.0
55,,,,842.0,-3105.537241041478,-4391.210572001135,55,0,60.537,0.0
56,,,,842.0,-3104.537241041478,-4390.210572001135,56,0,60.528,0.0
57,,,,842.0,-3103.537241041478,-4389.210572001135,57,0,60.522,0.0
58,,,,842.0,-3102.537241041478,-4388.210572001135,58,0,60.517,0.0
59,,,,842.0,-3101.537241041478,-4387.210572001135,59,0,60.509,0.0
60,,,,843.0,-3100.537241041478,-4386.210572001135,60,0,60.5,0.0
61,,,,843.0,-3099.537241041478,-4385.210572001135,61,0,60.495,0.0
62,,,,843.0,-3098.537241041478,-4384.210572001135,62,0,60.489,0.0
63,,,,843.0,-3097.537241041478,-4383.210572001135,63,0,60.483,0.0
64,,,,842.0,-3096.537241041478,-4382.210572001135,64,0,60.478,0.0
65,,,,841.0,-3095.537241041478,-4381.210572001135,65,0,60.476,0.0
66,,,,841.0,-3094.537241041478,-4380.210572001135,66,0,60.47,0.0
67,,,,839.0,-3093.537241041478,-4379.210572001135,67,0,60.464,0.0
68,,,,837.0,-3092.537241041478,-4378.210572001135,68,0,60.459,0.0
69,,,,836.0,-3091.537241041478,-4377.210572001135,69,0,60.449,0.0
70,,,,835.0,-3090.537241041478,-4376.210572001135,70,0,60.443,0.0
71,,,,832.0,-3089.537241041478,-4375.210572001135,71,0,60.436,0.0
72,,,,831.0,-3088.537241041478,-4374.210572001135,72,0,60.431,0.0
73,,,,830.0,-3087.537241041478,-4373.210572001135,73,0,60.428,0.0
74,,,,829.0,-3086.537241041478,-4372.210572001135,74,0,60.423,0.0
75,,,,826.0,-3085.537241041478,-4371.210572001135,75,0,60.415,0.0
76,,,,824.0,-3084.537241041478,-4370.210572001135,76,0,60.41,0.0
77,,,,822.0,-3083.537241041478,-4369.210572001135,77,0,60.401,0.0
78,,,,820.0,-3082.537241041478,-4368.210572001135,78,0,60.396,0.0
79,,,,819.0,-3081.537241041478,-4367.210572001135,79,0,60.391,0.0
80,,,,818.0,-3080.537241041478,-4366.210572001135,80,0,60.384,0.0
81,,,,818.0,-3079.537241041478,-4365.210572001135,81,0,60.379,0.0
82,,,,818.0,-3078.537241041478,-4364.210572001135,82,0,60.374,0.0
83,,,,818.0,-3077.537241041478,-4363.210572001135,83,0,60.369,0.0
84,,,,818.0,-3076.537241041478,-4362.210572001135,84,0,60.364,0.0
85,,,,817.0,-3075.537241041478,-4361.210572001135,85,0,60.359,0.0
86,,,,816.0,-3074.537241041478,-4360.210572001135,86,0,60.354,0.0
87,,,,815.0,-3073.537241041478,-4359.210572001135,87,0,60.349,0.0
88,,,,814.0,-3072.537241041478,-4358.210572001135,88,0,60.346,0.0
89,,,,813.0,-3071.537241041478,-4357.210572001135,89,0,60.341,0.0
90,,,,812.0,-3070.537241041478,-4356.210572001135,90,0,60.336,0.0
91,,,,810.0,-3069.537241041478,-4355.210572001135,1,1,60.329,0.0
92,,,,809.0,-3068.537241041478,-4354.210572001135,2,1,60.324,0.0
93,,,,807.0,-3067.537241041478,-4353.210572001135,3,1,60.315,0.0
94,,,,806.0,-3066.537241041478,-4352.210572001135,4,1,60.31,0.0
95,,,,806.0,-3065.537241041478,-4351.210572001135,5,1,60.306,0.0
96,,,,805.0,-3064.537241041478,-4350.210572001135,6,1,60.301,0.0
97,,,,804.0,-3063.537241041478,-4349.210572001135,7,1,60.296,0.0
98,,,,802.0,-3062.537241041478,-4348.210572001135,8,1,60.291,0.0
99,,,,800.0,-3061.537241041478,-4347.210572001135,9,1,60.287,0.0
100,,,,799.0,-3060.537241041478,-4346.210572001135,10,1,60.282,0.0
101,,,,797.0,-3059.537241041478,-4345.210572001135,11,1,60.278,0.0
102,,,,796.0,-3058.537241041478,-4344.210572001135,12,1,60.271,0.0
103,,,,794.0,-3057.537241041478,-4343.210572001135,13,1,60.267,0.0
104,,,,792.0,-3056.537241041478,-4342.210572001135,14,1,60.259,0.0
105,,,,790.0,-3055.537241041478,-4341.210572001135,15,1,60.255,0.0
106,,,,789.0,-3054.537241041478,-4340.210572001135,16,1,60.251,0.0
107,,,,788.0,-3053.537241041478,-4339.210572001135,17,1,60.247,0.0
108,,,,787.0,-3052.537241041478,-4338.210572001135,18,1,60.242,0.0
109,,,,785.0,-3051.537241041478,-4337.210572001135,19,1,60.237,0.0
110,,,,784.0,-3050.537241041478,-4336.210572001135,20,1,60.229,0.0
111,,,,784.0,-3049.537241041478,-4335.210572001135,21,1,60.222,0.0
112,,,,784.0,-3048.537241041478,-4334.210572001135,22,1,60.213,0.0
113,,,,784.0,-3047.537241041478,-4333.210572001135,23,1,60.202,0.0
114,,,,785.0,-3046.537241041478,-4332.210572001135,24,1,60.198,0.0
115,,,,784.0,-3045.537241041478,-4331.210572001135,25,1,60.187,0.0
116,,,,783.0,-3044.537241041478,-4330.210572001135,26,1,60.183,0.0
117,,,,782.0,-3043.537241041478,-4329.210572001135,27,1,60.173,0.0
118,,,,782.0,-3042.537241041478,-4328.210572001135,28,1,60.168,0.0
119,,,,782.0,-3041.537241041478,-4327.210572001135,29,1,60.158,0.0
120,,,,783.0,-3040.537241041478,-4326.210572001135,30,1,60.154,0.0
121,,,,784.0,-3039.537241041478,-4325.210572001135,31,1,60.153,0.0
122,,,,785.0,-3038.537241041478,-4324.210572001135,32,1,60.15,0.0
123,,,,786.0,-3037.537241041478,-4323.210572001135,33,1,60.148,0.0
124,,,,788.0,-3036.537241041478,-4322.210572001135,34,1,60.145,0.0
126,,,,794.0,-3034.537241041478,-4320.210572001135,36,1,60.143,0.0
128,,,,797.0,-3032.537241041478,-4318.210572001135,38,1,60.141,0.0
130,,,,796.0,-3030.537241041478,-4316.210572001135,40,1,60.14,0.0
133,,,,800.0,-3027.537241041478,-4313.210572001135,43,1,60.137,0.0
136,,,,807.0,-3024.537241041478,-4310.210572001135,46,1,60.134,0.0
138,,,,809.0,-3022.537241041478,-4308.210572001135,48,1,60.133,0.0
676,,,,1422.0,-2484.537241041478,-3770.210572001135,586,1,60.128,0.0
677,,,,1422.0,-2483.537241041478,-3769.210572001135,587,1,60.121,0.0
678,,,,1421.0,-2482.537241041478,-3768.210572001135,588,1,60.119,0.0
679,,,,1419.0,-2481.537241041478,-3767.210572001135,589,1,60.111,0.0
680,,,,1415.0,-2480.537241041478,-3766.210572001135,590,1,60.107,0.0
681,,,,1410.0,-2479.537241041478,-3765.210572001135,591,1,60.1,0.0
682,,,,1405.0,-2478.537241041478,-3764.210572001135,592,1,60.09,0.0
683,,,,1405.0,-2477.537241041478,-3763.210572001135,593,1,60.083,0.0
684,,,,1405.0,-2476.537241041478,-3762.210572001135,594,1,60.075,0.0
685,,,,1407.0,-2475.537241041478,-3761.210572001135,595,1,60.065,0.0
686,,,,1405.0,-2474.537241041478,-3760.210572001135,596,1,60.056,0.0
687,,,,1402.0,-2473.537241041478,-3759.210572001135,597,1,60.046,0.0
688,,,,1396.0,-2472.537241041478,-3758.210572001135,598,1,60.036,0.0
689,,,,1393.0,-2471.537241041478,-3757.210572001135,599,1,60.024,0.0
690,,,,1393.0,-2470.537241041478,-3756.210572001135,600,1,60.009,0.0
691,,,,1396.0,-2469.537241041478,-3755.210572001135,601,1,59.993,0.0
692,,,,1397.0,-2468.537241041478,-3754.210572001135,602,1,59.983,0.0
693,,,,1398.0,-2467.537241041478,-3753.210572001135,603,1,59.973,0.0
694,,,,1397.0,-2466.537241041478,-3752.210572001135,604,1,59.965,0.0
695,,,,1395.0,-2465.537241041478,-3751.210572001135,605,1,59.963,0.0
696,,,,1393.0,-2464.537241041478,-3750.210572001135,606,1,59.961,0.0
697,,,,1391.0,-2463.537241041478,-3749.210572001135,607,1,59.957,0.0
698,,,,1390.0,-2462.537241041478,-3748.210572001135,608,1,59.956,0.0
699,,,,1390.0,-2461.537241041478,-3747.210572001135,609,1,59.955,0.0
701,,,,1390.0,-2459.537241041478,-3745.210572001135,611,1,59.953,0.0
702,,,,1389.0,-2458.537241041478,-3744.210572001135,612,1,59.952,0.0
703,,,,1385.0,-2457.537241041478,-3743.210572001135,613,1,59.95,0.0
715,,,,1375.0,-2445.537241041478,-3731.210572001135,625,1,59.948,0.0
716,,,,1374.0,-2444.537241041478,-3730.210572001135,626,1,59.945,0.0
717,,,,1372.0,-2443.537241041478,-3729.210572001135,627,1,59.941,0.0
718,,,,1371.0,-2442.537241041478,-3728.210572001135,628,1,59.936,0.0
719,,,,1371.0,-2441.537241041478,-3727.210572001135,629,1,59.93,0.0
720,,,,1370.0,-2440.537241041478,-3726.210572001135,630,1,59.924,0.0
721,,,,1369.0,-2439.537241041478,-3725.210572001135,631,1,59.919,0.0
722,,,,1368.0,-2438.537241041478,-3724.210572001135,632,1,59.913,0.0
723,,,,1367.0,-2437.537241041478,-3723.210572001135,633,1,59.911,0.0
724,,,,1366.0,-2436.537241041478,-3722.210572001135,634,1,59.907,0.0
725,,,,1365.0,-2435.537241041478,-3721.210572001135,635,1,59.906,0.0
726,,,,1364.0,-2434.537241041478,-3720.210572001135,636,1,59.902,0.0
727,,,,1362.0,-2433.537241041478,-3719.210572001135,637,1,59.899,0.0
728,,,,1360.0,-2432.537241041478,-3718.210572001135,638,1,59.894,0.0
729,,,,1358.0,-2431.537241041478,-3717.210572001135,639,1,59.89,0.0
730,,,,1357.0,-2430.537241041478,-3716.210572001135,640,1,59.886,0.0
732,,,,1355.0,-2428.537241041478,-3714.210572001135,642,1,59.885,0.0
734,,,,1353.0,-2426.537241041478,-3712.210572001135,644,1,59.881,0.0
736,,,,1347.0,-2424.537241041478,-3710.210572001135,646,1,59.88,0.0
737,,,,1346.0,-2423.537241041478,-3709.210572001135,647,1,59.877,0.0
954,,,,1292.0,-2206.537241041478,-3492.210572001135,864,1,59.87,0.0
955,,,,1291.0,-2205.537241041478,-3491.210572001135,865,1,59.857,0.0
956,,,,1290.0,-2204.537241041478,-3490.210572001135,866,1,59.845,0.0
957,,,,1289.0,-2203.537241041478,-3489.210572001135,867,1,59.829,0.0
958,,,,1288.0,-2202.537241041478,-3488.210572001135,868,1,59.819,0.0
959,,,,1288.0,-2201.537241041478,-3487.210572001135,869,1,59.804,0.0
960,,,,1288.0,-2200.537241041478,-3486.210572001135,870,1,59.793,0.0
961,,,,1288.0,-2199.537241041478,-3485.210572001135,871,1,59.779,0.0
962,,,,1288.0,-2198.537241041478,-3484.210572001135,872,1,59.764,0.0
963,,,,1288.0,-2197.537241041478,-3483.210572001135,873,1,59.752,0.0
964,,,,1288.0,-2196.537241041478,-3482.210572001135,874,1,59.741,0.0
965,,,,1289.0,-2195.537241041478,-3481.210572001135,875,1,59.728,0.0
966,,,,1289.0,-2194.537241041478,-3480.210572001135,876,1,59.717,0.0
967,,,,1290.0,-2193.537241041478,-3479.210572001135,877,1,59.707,0.0
968,,,,1289.0,-2192.537241041478,-3478.210572001135,878,1,59.697,0.0
969,,,,1289.0,-2191.537241041478,-3477.210572001135,879,1,59.684,0.0
970,,,,1287.0,-2190.537241041478,-3476.210572001135,880,1,59.669,0.0
971,,,,1287.0,-2189.537241041478,-3475.210572001135,881,1,59.656,0.0
972,,,,1288.0,-2188.537241041478,-3474.210572001135,882,1,59.643,0.0
973,,,,1289.0,-2187.537241041478,-3473.210572001135,883,1,59.63,0.0
974,,,,1290.0,-2186.537241041478,-3472.210572001135,884,1,59.618,0.0
975,,,,1291.0,-2185.537241041478,-3471.210572001135,885,1,59.606,0.0
976,,,,1292.0,-2184.537241041478,-3470.210572001135,886,1,59.595,0.0
977,,,,1292.0,-2183.537241041478,-3469.210572001135,887,1,59.583,0.0
978,,,,1294.0,-2182.537241041478,-3468.210572001135,888,1,59.57,0.0
979,,,,1296.0,-2181.537241041478,-3467.210572001135,889,1,59.559,0.0
980,,,,1297.0,-2180.537241041478,-3466.210572001135,890,1,59.547,0.0
981,,,,1299.0,-2179.537241041478,-3465.210572001135,891,1,59.54,0.0
982,,,,1299.0,-2178.537241041478,-3464.210572001135,892,1,59.529,0.0
983,,,,1299.0,-2177.537241041478,-3463.210572001135,893,1,59.52,0.0
984,,,,1299.0,-2176.537241041478,-3462.210572001135,894,1,59.51,0.0
985,,,,1300.0,-2175.537241041478,-3461.210572001135,895,1,59.496,0.0
986,,,,1301.0,-2174.537241041478,-3460.210572001135,896,1,59.486,0.0
987,,,,1302.0,-2173.537241041478,-3459.210572001135,897,1,59.477,0.0
988,,,,1304.0,-2172.537241041478,-3458.210572001135,898,1,59.467,0.0
989,,,,1307.0,-2171.537241041478,-3457.210572001135,899,1,59.458,0.0
990,,,,1309.0,-2170.537241041478,-3456.210572001135,900,1,59.45,0.0
991,,,,1312.0,-2169.537241041478,-3455.210572001135,901,1,59.442,0.0
992,,,,1315.0,-2168.537241041478,-3454.210572001135,902,1,59.433,0.0
993,,,,1317.0,-2167.537241041478,-3453.210572001135,903,1,59.426,0.0
994,,,,1320.0,-2166.537241041478,-3452.210572001135,904,1,59.419,0.0
995,,,,1324.0,-2165.537241041478,-3451.210572001135,905,1,59.413,0.0
996,,,,1327.0,-2164.537241041478,-3450.210572001135,906,1,59.407,0.0
997,,,,1331.0,-2163.537241041478,-3449.210572001135,907,1,59.403,0.0
998,,,,1336.0,-2162.537241041478,-3448.210572001135,908,1,59.397,0.0
999,,,,1338.0,-2161.537241041478,-3447.210572001135,909,1,59.392,0.0
1000,,,,1339.0,-2160.537241041478,-3446.210572001135,910,1,59.386,0.0
1001,,,,1340.0,-2159.537241041478,-3445.210572001135,911,1,59.382,0.0
1002,,,,1341.0,-2158.537241041478,-3444.210572001135,912,1,59.378,0.0
1003,,,,1343.0,-2157.537241041478,-3443.210572001135,913,1,59.374,0.0
1224,,,,1584.0,-1936.537241041478,-3222.210572001135,1134,1,59.37,0.0
1225,,,,1585.0,-1935.537241041478,-3221.210572001135,1135,1,59.359,0.0
1226,,,,1587.0,-1934.537241041478,-3220.210572001135,1136,1,59.353,0.0
1227,,,,1589.0,-1933.537241041478,-3219.210572001135,1137,1,59.347,0.0
1228,,,,1593.0,-1932.537241041478,-3218.210572001135,1138,1,59.342,0.0
1229,,,,1596.0,-1931.537241041478,-3217.210572001135,1139,1,59.338,0.0
1230,,,,1600.0,-1930.537241041478,-3216.210572001135,1140,1,59.332,0.0
1231,,,,1604.0,-1929.537241041478,-3215.210572001135,1141,1,59.326,0.0
1232,,,,1607.0,-1928.537241041478,-3214.210572001135,1142,1,59.32,0.0
1233,,,,1609.0,-1927.537241041478,-3213.210572001135,1143,1,59.315,0.0
1234,,,,1613.0,-1926.537241041478,-3212.210572001135,1144,1,59.312,0.0
1237,,,,1624.0,-1923.537241041478,-3209.210572001135,1147,1,59.31,0.0
1239,,,,1631.0,-1921.537241041478,-3207.210572001135,1149,1,59.307,0.0
1240,,,,1635.0,-1920.537241041478,-3206.210572001135,1150,1,59.305,0.0
1241,,,,1638.0,-1919.537241041478,-3205.210572001135,1151,1,59.302,0.0
1242,,,,1641.0,-1918.537241041478,-3204.210572001135,1152,1,59.301,0.0
1243,,,,1643.0,-1917.537241041478,-3203.210572001135,1153,1,59.3,0.0
1244,,,,1645.0,-1916.537241041478,-3202.210572001135,1154,1,59.298,0.0
1919,,,,1608.0,-1241.537241041478,-2527.210572001135,1829,1,59.294,0.0
1920,,,,1608.0,-1240.537241041478,-2526.210572001135,1830,1,59.284,0.0
1921,,,,1608.0,-1239.537241041478,-2525.210572001135,1831,1,59.271,0.0
1922,,,,1607.0,-1238.537241041478,-2524.210572001135,1832,1,59.258,0.0
1923,,,,1607.0,-1237.537241041478,-2523.210572001135,1833,1,59.247,0.0
1924,,,,1606.0,-1236.537241041478,-2522.210572001135,1834,1,59.236,0.0
1925,,,,1607.0,-1235.537241041478,-2521.210572001135,1835,1,59.228,0.0
1926,,,,1608.0,-1234.537241041478,-2520.210572001135,1836,1,59.221,0.0
1927,,,,1608.0,-1233.537241041478,-2519.210572001135,1837,1,59.219,0.0
3227,,,,1520.0,66.462758958522,-1219.210572001135,3137,1,59.209,0.0
3228,,,,1519.0,67.462758958522,-1218.210572001135,3138,1,59.2,0.0
3229,,,,1515.0,68.462758958522,-1217.210572001135,3139,1,59.189,0.0
3230,,,,1513.0,69.462758958522,-1216.210572001135,3140,1,59.179,0.0
3231,,,,1511.0,70.462758958522,-1215.210572001135,3141,1,59.171,0.0
3232,,,,1507.0,71.462758958522,-1214.210572001135,3142,1,59.159,0.0
3233,,,,1502.0,72.462758958522,-1213.210572001135,3143,1,59.144,0.0
3234,,,,1497.0,73.462758958522,-1212.210572001135,3144,1,59.131,0.0
3235,,,,1493.0,74.462758958522,-1211.210572001135,3145,1,59.114,0.0
3236,,,,1490.0,75.462758958522,-1210.210572001135,3146,1,59.099,0.0
3237,,,,1488.0,76.462758958522,-1209.210572001135,3147,1,59.084,0.0
3238,,,,1487.0,77.462758958522,-1208.210572001135,3148,1,59.073,0.0
3239,,,,1485.0,78.462758958522,-1207.210572001135,3149,1,59.059,0.0
3240,,,,1481.0,79.462758958522,-1206.210572001135,3150,1,59.045,0.0
3241,,,,1476.0,80.462758958522,-1205.210572001135,3151,1,59.03,0.0
3242,,,,1471.0,81.462758958522,-1204.210572001135,3152,1,59.015,0.0
3243,,,,1466.0,82.462758958522,-1203.210572001135,3153,1,58.996,0.0
3244,,,,1462.0,83.462758958522,-1202.210572001135,3154,1,58.98,0.0
3245,,,,1458.0,84.462758958522,-1201.210572001135,3155,1,58.964,0.0
3246,,,,1455.0,85.462758958522,-1200.210572001135,3156,1,58.946,0.0
3247,,,,1452.0,86.462758958522,-1199.210572001135,3157,1,58.93,0.0
3248,,,,1448.0,87.462758958522,-1198.210572001135,3158,1,58.914,0.0
3249,,,,1444.0,88.462758958522,-1197.210572001135,3159,1,58.899,0.0
3250,,,,1439.0,89.462758958522,-1196.210572001135,3160,1,58.883,0.0
3251,,,,1435.0,90.462758958522,-1195.210572001135,3161,1,58.867,0.0
3252,,,,1431.0,91.462758958522,-1194.210572001135,3162,1,58.851,0.0
3253,,,,1428.0,92.462758958522,-1193.210572001135,3163,1,58.835,0.0
3254,,,,1425.0,93.462758958522,-1192.210572001135,3164,1,58.82,0.0
3255,,,,1421.0,94.462758958522,-1191.210572001135,3165,1,58.806,0.0
3256,,,,1417.0,95.462758958522,-1190.210572001135,3166,1,58.793,0.0
3257,,,,1413.0,96.462758958522,-1189.210572001135,3167,1,58.777,0.0
3258,,,,1408.0,97.462758958522,-1188.210572001135,3168,1,58.761,0.0
3259,,,,1403.0,98.462758958522,-1187.210572001135,3169,1,58.746,0.0
3260,,,,1399.0,99.462758958522,-1186.210572001135,3170,1,58.73,0.0
3261,,,,1396.0,100.462758958522,-1185.210572001135,3171,1,58.714,0.0
3262,,,,1393.0,101.462758958522,-1184.210572001135,3172,1,58.699,0.0
3263,,,,1392.0,102.462758958522,-1183.210572001135,3173,1,58.686,0.0
3264,,,,1390.0,103.462758958522,-1182.210572001135,3174,1,58.669,0.0
3265,,,,1389.0,104.462758958522,-1181.210572001135,3175,1,58.658,0.0
3266,,,,1386.0,105.462758958522,-1180.210572001135,3176,1,58.642,0.0
3267,,,,1384.0,106.462758958522,-1179.210572001135,3177,1,58.631,0.0
3268,,,,1380.0,107.462758958522,-1178.210572001135,3178,1,58.616,0.0
3269,,,,1377.0,108.462758958522,-1177.210572001135,3179,1,58.6,0.0
3270,,,,1375.0,109.462758958522,-1176.210572001135,3180,1,58.585,0.0
3271,,,,1373.0,110.462758958522,-1175.210572001135,3181,1,58.567,0.0
3272,,,,1372.0,111.462758958522,-1174.210572001135,3182,1,58.554,0.0
3273,,,,1370.0,112.462758958522,-1173.210572001135,3183,1,58.539,0.0
3274,,,,1369.0,113.462758958522,-1172.210572001135,3184,1,58.524,0.0
3275,,,,1367.0,114.462758958522,-1171.210572001135,3185,1,58.511,0.0
3276,,,,1365.0,115.462758958522,-1170.210572001135,3186,1,58.5,0.0
3277,,,,1362.0,116.462758958522,-1169.210572001135,3187,1,58.486,0.0
3278,,,,1358.0,117.462758958522,-1168.210572001135,3188,1,58.473,0.0
3279,,,,1355.0,118.462758958522,-1167.210572001135,3189,1,58.457,0.0
3280,,,,1352.0,119.462758958522,-1166.210572001135,3190,1,58.441,0.0
3281,,,,1349.0,120.462758958522,-1165.210572001135,3191,1,58.425,0.0
3282,,,,1347.0,121.462758958522,-1164.210572001135,3192,1,58.41,0.0
3283,,,,1346.0,122.462758958522,-1163.210572001135,3193,1,58.398,0.0
3284,,,,1346.0,123.462758958522,-1162.210572001135,3194,1,58.387,0.0
3285,,,,1345.0,124.462758958522,-1161.210572001135,3195,1,58.376,0.0
3286,,,,1342.0,125.462758958522,-1160.210572001135,3196,1,58.368,0.0
3287,,,,1338.0,126.462758958522,-1159.210572001135,3197,1,58.357,0.0
3288,,,,1333.0,127.462758958522,-1158.210572001135,3198,1,58.346,0.0
3289,,,,1328.0,128.462758958522,-1157.210572001135,3199,1,58.33,0.0
3290,,,,1323.0,129.462758958522,-1156.210572001135,3200,1,58.315,0.0
3291,,,,1318.0,130.462758958522,-1155.210572001135,3201,1,58.299,0.0
3292,,,,1315.0,131.462758958522,-1154.210572001135,3202,1,58.285,0.0
3293,,,,1312.0,132.462758958522,-1153.210572001135,3203,1,58.268,0.0
3294,,,,1310.0,133.462758958522,-1152.210572001135,3204,1,58.256,0.0
3295,,,,1307.0,134.462758958522,-1151.210572001135,3205,1,58.24,0.0
3296,,,,1304.0,135.462758958522,-1150.210572001135,3206,1,58.222,0.0
3297,,,,1301.0,136.462758958522,-1149.210572001135,3207,1,58.206,0.0
3298,,,,1299.0,137.462758958522,-1148.210572001135,3208,1,58.19,0.0
3299,,,,1300.0,138.462758958522,-1147.210572001135,3209,1,58.175,0.0
3300,,,,1302.0,139.462758958522,-1146.210572001135,3210,1,58.162,0.0
3301,,,,1305.0,140.462758958522,-1145.210572001135,3211,1,58.154,0.0
3302,,,,1309.0,141.462758958522,-1144.210572001135,3212,1,58.146,0.0
3303,,,,1311.0,142.462758958522,-1143.210572001135,3213,1,58.139,0.0
3304,,,,1311.0,143.462758958522,-1142.210572001135,3214,1,58.132,0.0
3305,,,,1309.0,144.462758958522,-1141.210572001135,3215,1,58.124,0.0
3306,,,,1307.0,145.462758958522,-1140.210572001135,3216,1,58.113,0.0
3307,,,,1305.0,146.462758958522,-1139.210572001135,3217,1,58.101,0.0
3308,,,,1304.0,147.462758958522,-1138.210572001135,3218,1,58.089,0.0
3309,,,,1303.0,148.462758958522,-1137.210572001135,3219,1,58.077,0.0
3310,,,,1302.0,149.462758958522,-1136.210572001135,3220,1,58.067,0.0
3311,,,,1302.0,150.462758958522,-1135.210572001135,3221,1,58.058,0.0
3312,,,,1302.0,151.462758958522,-1134.210572001135,3222,1,58.047,0.0
3313,,,,1301.0,152.462758958522,-1133.210572001135,3223,1,58.038,0.0
3314,,,,1299.0,153.462758958522,-1132.210572001135,3224,1,58.027,0.0
3315,,,,1296.0,154.462758958522,-1131.210572001135,3225,1,58.014,0.0
3316,,,,1292.0,155.462758958522,-1130.210572001135,3226,1,57.999,0.0
3317,,,,1289.0,156.462758958522,-1129.210572001135,3227,1,57.985,0.0
3318,,,,1289.0,157.462758958522,-1128.210572001135,3228,1,57.971,0.0
3319,,,,1288.0,158.462758958522,-1127.210572001135,3229,1,57.959,0.0
3320,,,,1288.0,159.462758958522,-1126.210572001135,3230,1,57.946,0.0
3321,,,,1286.0,160.462758958522,-1125.210572001135,3231,1,57.935,0.0
3322,,,,1285.0,161.462758958522,-1124.210572001135,3232,1,57.925,0.0
3323,,,,1282.0,162.462758958522,-1123.210572001135,3233,1,57.912,0.0
3324,,,,1278.0,163.462758958522,-1122.210572001135,3234,1,57.9,0.0
3325,,,,1275.0,164.462758958522,-1121.210572001135,3235,1,57.887,0.0
3326,,,,1273.0,165.462758958522,-1120.210572001135,3236,1,57.874,0.0
3327,,,,1272.0,166.462758958522,-1119.210572001135,3237,1,57.862,0.0
3328,,,,1271.0,167.462758958522,-1118.210572001135,3238,1,57.849,0.0
3329,,,,1270.0,168.462758958522,-1117.210572001135,3239,1,57.838,0.0
3330,,,,1268.0,169.462758958522,-1116.210572001135,3240,1,57.828,0.0
3331,,,,1266.0,170.462758958522,-1115.210572001135,3241,1,57.816,0.0
3332,,,,1263.0,171.462758958522,-1114.210572001135,3242,1,57.804,0.0
3333,,,,1260.0,172.462758958522,-1113.210572001135,3243,1,57.792,0.0
3334,,,,1259.0,173.462758958522,-1112.210572001135,3244,1,57.78,0.0
3335,,,,1259.0,174.462758958522,-1111.210572001135,3245,1,57.768,0.0
3336,,,,1259.0,175.462758958522,-1110.210572001135,3246,1,57.757,0.0
3337,,,,1259.0,176.462758958522,-1109.210572001135,3247,1,57.749,0.0
3338,,,,1257.0,177.462758958522,-1108.210572001135,3248,1,57.739,0.0
3339,,,,1256.0,178.462758958522,-1107.210572001135,3249,1,57.728,0.0
3340,,,,1254.0,179.462758958522,-1106.210572001135,3250,1,57.719,0.0
3341,,,,1252.0,180.462758958522,-1105.210572001135,3251,1,57.706,0.0
3342,,,,1250.0,181.462758958522,-1104.210572001135,3252,1,57.692,0.0
3343,,,,1249.0,182.462758958522,-1103.210572001135,3253,1,57.679,0.0
3344,,,,1247.0,183.462758958522,-1102.210572001135,3254,1,57.666,0.0
3345,,,,1245.0,184.462758958522,-1101.210572001135,3255,1,57.654,0.0
3346,,,,1243.0,185.462758958522,-1100.210572001135,3256,1,57.642,0.0
3347,,,,1241.0,186.462758958522,-1099.210572001135,3257,1,57.627,0.0
3348,,,,1241.0,187.462758958522,-1098.210572001135,3258,1,57.613,0.0
3349,,,,1239.0,188.462758958522,-1097.210572001135,3259,1,57.601,0.0
3350,,,,1238.0,189.462758958522,-1096.210572001135,3260,1,57.589,0.0
3351,,,,1237.0,190.462758958522,-1095.210572001135,3261,1,57.576,0.0
3352,,,,1235.0,191.462758958522,-1094.210572001135,3262,1,57.564,0.0
3353,,,,1233.0,192.462758958522,-1093.210572001135,3263,1,57.55,0.0
3354,,,,1231.0,193.462758958522,-1092.210572001135,3264,1,57.536,0.0
3355,,,,1230.0,194.462758958522,-1091.210572001135,3265,1,57.523,0.0
3356,,,,1228.0,195.462758958522,-1090.210572001135,3266,1,57.509,0.0
3357,,,,1227.0,196.462758958522,-1089.210572001135,3267,1,57.497,0.0
3358,,,,1226.0,197.462758958522,-1088.210572001135,3268,1,57.484,0.0
3359,,,,1225.0,198.462758958522,-1087.210572001135,3269,1,57.471,0.0
3360,,,,1224.0,199.462758958522,-1086.210572001135,3270,1,57.459,0.0
3361,,,,1222.0,200.462758958522,-1085.210572001135,3271,1,57.448,0.0
3362,,,,1220.0,201.462758958522,-1084.210572001135,3272,1,57.433,0.0
3363,,,,1218.0,202.462758958522,-1083.210572001135,3273,1,57.42,0.0
3364,,,,1217.0,203.462758958522,-1082.210572001135,3274,1,57.408,0.0
3365,,,,1215.0,204.462758958522,-1081.210572001135,3275,1,57.393,0.0
3366,,,,1214.0,205.462758958522,-1080.210572001135,3276,1,57.38,0.0
3367,,,,1213.0,206.462758958522,-1079.210572001135,3277,1,57.366,0.0
3368,,,,1211.0,207.462758958522,-1078.210572001135,3278,1,57.354,0.0
3369,,,,1210.0,208.462758958522,-1077.210572001135,3279,1,57.342,0.0
3370,,,,1210.0,209.462758958522,-1076.210572001135,3280,1,57.331,0.0
3371,,,,1209.0,210.462758958522,-1075.210572001135,3281,1,57.317,0.0
3372,,,,1207.0,211.462758958522,-1074.210572001135,3282,1,57.305,0.0
3373,,,,1206.0,212.462758958522,-1073.210572001135,3283,1,57.292,0.0
3374,,,,1205.0,213.462758958522,-1072.210572001135,3284,1,57.28,0.0
3375,,,,1205.0,214.462758958522,-1071.210572001135,3285,1,57.269,0.0
3376,,,,1205.0,215.462758958522,-1070.210572001135,3286,1,57.257,0.0
3377,,,,1205.0,216.462758958522,-1069.210572001135,3287,1,57.247,0.0
3378,,,,1204.0,217.462758958522,-1068.210572001135,3288,1,57.238,0.0
3379,,,,1203.0,218.462758958522,-1067.210572001135,3289,1,57.226,0.0
3380,,,,1201.0,219.462758958522,-1066.210572001135,3290,1,57.215,0.0
3381,,,,1198.0,220.462758958522,-1065.210572001135,3291,1,57.203,0.0
3382,,,,1195.0,221.462758958522,-1064.210572001135,3292,1,57.187,0.0
3383,,,,1192.0,222.462758958522,-1063.210572001135,3293,1,57.173,0.0
3384,,,,1191.0,223.462758958522,-1062.210572001135,3294,1,57.16,0.0
3385,,,,1190.0,224.462758958522,-1061.210572001135,3295,1,57.144,0.0
3386,,,,1190.0,225.462758958522,-1060.210572001135,3296,1,57.133,0.0
3387,,,,1189.0,226.462758958522,-1059.210572001135,3297,1,57.121,0.0
3388,,,,1187.0,227.462758958522,-1058.210572001135,3298,1,57.107,0.0
3389,,,,1184.0,228.462758958522,-1057.210572001135,3299,1,57.094,0.0
3390,,,,1182.0,229.462758958522,-1056.210572001135,3300,1,57.079,0.0
3391,,,,1180.0,230.462758958522,-1055.210572001135,3301,1,57.066,0.0
3392,,,,1180.0,231.462758958522,-1054.210572001135,3302,1,57.052,0.0
3393,,,,1179.0,232.462758958522,-1053.210572001135,3303,1,57.04,0.0
3394,,,,1178.0,233.462758958522,-1052.210572001135,3304,1,57.028,0.0
3395,,,,1177.0,234.462758958522,-1051.210572001135,3305,1,57.02,0.0
3396,,,,1176.0,235.462758958522,-1050.210572001135,3306,1,57.01,0.0
3397,,,,1173.0,236.462758958522,-1049.210572001135,3307,1,57.001,0.0
3398,,,,1169.0,237.462758958522,-1048.210572001135,3308,1,56.99,0.0
3399,,,,1164.0,238.462758958522,-1047.210572001135,3309,1,56.974,0.0
3400,,,,1159.0,239.462758958522,-1046.210572001135,3310,1,56.96,0.0
3401,,,,1157.0,240.462758958522,-1045.210572001135,3311,1,56.945,0.0
3402,,,,1156.0,241.462758958522,-1044.210572001135,3312,1,56.934,0.0
3403,,,,1155.0,242.462758958522,-1043.210572001135,3313,1,56.922,0.0
3404,,,,1154.0,243.462758958522,-1042.210572001135,3314,1,56.913,0.0
3405,,,,1152.0,244.462758958522,-1041.210572001135,3315,1,56.902,0.0
3406,,,,1149.0,245.462758958522,-1040.210572001135,3316,1,56.888,0.0
3407,,,,1147.0,246.462758958522,-1039.210572001135,3317,1,56.874,0.0
3408,,,,1147.0,247.462758958522,-1038.210572001135,3318,1,56.863,0.0
3409,,,,1149.0,248.462758958522,-1037.210572001135,3319,1,56.85,0.0
3410,,,,1149.0,249.462758958522,-1036.210572001135,3320,1,56.84,0.0
3411,,,,1150.0,250.462758958522,-1035.210572001135,3321,1,56.83,0.0
3412,,,,1150.0,251.462758958522,-1034.210572001135,3322,1,56.818,0.0
3413,,,,1150.0,252.462758958522,-1033.210572001135,3323,1,56.808,0.0
3414,,,,1150.0,253.462758958522,-1032.210572001135,3324,1,56.798,0.0
3415,,,,1149.0,254.462758958522,-1031.210572001135,3325,1,56.787,0.0
3416,,,,1150.0,255.462758958522,-1030.210572001135,3326,1,56.776,0.0
3417,,,,1151.0,256.462758958522,-1029.210572001135,3327,1,56.768,0.0
3418,,,,1152.0,257.462758958522,-1028.210572001135,3328,1,56.76,0.0
3419,,,,1151.0,258.462758958522,-1027.210572001135,3329,1,56.753,0.0
3420,,,,1150.0,259.462758958522,-1026.210572001135,3330,1,56.746,0.0
3421,,,,1148.0,260.462758958522,-1025.210572001135,3331,1,56.739,0.0
3422,,,,1147.0,261.462758958522,-1024.210572001135,3332,1,56.727,0.0
3423,,,,1146.0,262.462758958522,-1023.210572001135,3333,1,56.717,0.0
3424,,,,1146.0,263.462758958522,-1022.210572001135,3334,1,56.705,0.0
3425,,,,1146.0,264.462758958522,-1021.210572001135,3335,1,56.695,0.0
3426,,,,1147.0,265.462758958522,-1020.210572001135,3336,1,56.686,0.0
3427,,,,1147.0,266.462758958522,-1019.210572001135,3337,1,56.678,0.0
3428,,,,1146.0,267.462758958522,-1018.210572001135,3338,1,56.666,0.0
3429,,,,1144.0,268.462758958522,-1017.210572001135,3339,1,56.657,0.0
3430,,,,1143.0,269.462758958522,-1016.210572001135,3340,1,56.646,0.0
3431,,,,1142.0,270.462758958522,-1015.210572001135,3341,1,56.634,0.0
3432,,,,1141.0,271.462758958522,-1014.210572001135,3342,1,56.623,0.0
3433,,,,1142.0,272.462758958522,-1013.210572001135,3343,1,56.614,0.0
3434,,,,1144.0,273.462758958522,-1012.210572001135,3344,1,56.604,0.0
3435,,,,1147.0,274.462758958522,-1011.210572001135,3345,1,56.596,0.0
3436,,,,1149.0,275.462758958522,-1010.210572001135,3346,1,56.59,0.0
3437,,,,1150.0,276.462758958522,-1009.210572001135,3347,1,56.586,0.0
3438,,,,1149.0,277.462758958522,-1008.210572001135,3348,1,56.582,0.0
3439,,,,1149.0,278.462758958522,-1007.210572001135,3349,1,56.576,0.0
3440,,,,1149.0,279.462758958522,-1006.210572001135,3350,1,56.57,0.0
3441,,,,1150.0,280.462758958522,-1005.210572001135,3351,1,56.564,0.0
3442,,,,1149.0,281.462758958522,-1004.210572001135,3352,1,56.555,0.0
3443,,,,1150.0,282.462758958522,-1003.210572001135,3353,1,56.546,0.0
3444,,,,1150.0,283.462758958522,-1002.210572001135,3354,1,56.542,0.0
3445,,,,1151.0,284.462758958522,-1001.210572001135,3355,1,56.535,0.0
3446,,,,1150.0,285.462758958522,-1000.210572001135,3356,1,56.528,0.0
3447,,,,1149.0,286.462758958522,-999.210572001135,3357,1,56.524,0.0
3448,,,,1147.0,287.462758958522,-998.210572001135,3358,1,56.519,0.0
3449,,,,1146.0,288.462758958522,-997.210572001135,3359,1,56.513,0.0
3450,,,,1145.0,289.462758958522,-996.210572001135,3360,1,56.506,0.0
3451,,,,1144.0,290.462758958522,-995.210572001135,3361,1,56.5,0.0
3452,,,,1143.0,291.462758958522,-994.210572001135,3362,1,56.495,0.0
3453,,,,1141.0,292.462758958522,-993.210572001135,3363,1,56.487,0.0
3454,,,,1138.0,293.462758958522,-992.210572001135,3364,1,56.48,0.0
3455,,,,1135.0,294.462758958522,-991.210572001135,3365,1,56.473,0.0
3456,,,,1133.0,295.462758958522,-990.210572001135,3366,1,56.469,0.0
3457,,,,1131.0,296.462758958522,-989.210572001135,3367,1,56.466,0.0
3458,,,,1130.0,297.462758958522,-988.210572001135,3368,1,56.464,0.0
3459,,,,1129.0,298.462758958522,-987.210572001135,3369,1,56.462,0.0
3460,,,,1128.0,299.462758958522,-986.210572001135,3370,1,56.46,0.0
3462,,,,1126.0,301.462758958522,-984.210572001135,3372,1,56.459,0.0
3464,,,,1125.0,303.462758958522,-982.210572001135,3374,1,56.458,0.0
3465,,,,1124.0,304.462758958522,-981.210572001135,3375,1,56.457,0.0
3466,,,,1124.0,305.462758958522,-980.210572001135,3376,1,56.456,0.0
3467,,,,1124.0,306.462758958522,-979.210572001135,3377,1,56.452,0.0
3468,,,,1124.0,307.462758958522,-978.210572001135,3378,1,56.447,0.0
3469,,,,1125.0,308.462758958522,-977.210572001135,3379,1,56.439,0.0
3470,,,,1126.0,309.462758958522,-976.210572001135,3380,1,56.433,0.0
3471,,,,1126.0,310.462758958522,-975.210572001135,3381,1,56.426,0.0
3472,,,,1127.0,311.462758958522,-974.210572001135,3382,1,56.42,0.0
3473,,,,1127.0,312.462758958522,-973.210572001135,3383,1,56.415,0.0
3474,,,,1127.0,313.462758958522,-972.210572001135,3384,1,56.407,0.0
3475,,,,1127.0,314.462758958522,-971.210572001135,3385,1,56.398,0.0
3476,,,,1126.0,315.462758958522,-970.210572001135,3386,1,56.391,0.0
3477,,,,1125.0,316.462758958522,-969.210572001135,3387,1,56.385,0.0
3478,,,,1124.0,317.462758958522,-968.210572001135,3388,1,56.38,0.0
3479,,,,1122.0,318.462758958522,-967.210572001135,3389,1,56.376,0.0
3480,,,,1119.0,319.462758958522,-966.210572001135,3390,1,56.371,0.0
3481,,,,1114.0,320.462758958522,-965.210572001135,3391,1,56.367,0.0
3482,,,,1108.0,321.462758958522,-964.210572001135,3392,1,56.358,0.0
3483,,,,1101.0,322.462758958522,-963.210572001135,3393,1,56.349,0.0
3484,,,,1096.0,323.462758958522,-962.210572001135,3394,1,56.336,0.0
3485,,,,1092.0,324.462758958522,-961.210572001135,3395,1,56.323,0.0
3486,,,,1091.0,325.462758958522,-960.210572001135,3396,1,56.31,0.0
3487,,,,1092.0,326.462758958522,-959.210572001135,3397,1,56.298,0.0
3488,,,,1093.0,327.462758958522,-958.210572001135,3398,1,56.286,0.0
3489,,,,1093.0,328.462758958522,-957.210572001135,3399,1,56.278,0.0
3490,,,,1093.0,329.462758958522,-956.210572001135,3400,1,56.267,0.0
3491,,,,1093.0,330.462758958522,-955.210572001135,3401,1,56.257,0.0
3492,,,,1092.0,331.462758958522,-954.210572001135,3402,1,56.249,0.0
3493,,,,1091.0,332.462758958522,-953.210572001135,3403,1,56.237,0.0
3494,,,,1089.0,333.462758958522,-952.210572001135,3404,1,56.226,0.0
3495,,,,1086.0,334.462758958522,-951.210572001135,3405,1,56.216,0.0
3496,,,,1084.0,335.462758958522,-950.210572001135,3406,1,56.203,0.0
3497,,,,1084.0,336.462758958522,-949.210572001135,3407,1,56.191,0.0
3498,,,,1084.0,337.462758958522,-948.210572001135,3408,1,56.18,0.0
3499,,,,1085.0,338.462758958522,-947.210572001135,3409,1,56.171,0.0
3500,,,,1085.0,339.462758958522,-946.210572001135,3410,1,56.163,0.0
3501,,,,1084.0,340.462758958522,-945.210572001135,3411,1,56.154,0.0
3502,,,,1084.0,341.462758958522,-944.210572001135,3412,1,56.146,0.0
3503,,,,1082.0,342.462758958522,-943.210572001135,3413,1,56.138,0.0
3504,,,,1080.0,343.462758958522,-942.210572001135,3414,1,56.128,0.0
3505,,,,1078.0,344.462758958522,-941.210572001135,3415,1,56.118,0.0
3506,,,,1075.0,345.462758958522,-940.210572001135,3416,1,56.107,0.0
3507,,,,1073.0,346.462758958522,-939.210572001135,3417,1,56.096,0.0
3508,,,,1071.0,347.462758958522,-938.210572001135,3418,1,56.084,0.0
3509,,,,1070.0,348.462758958522,-937.210572001135,3419,1,56.075,0.0
3510,,,,1068.0,349.462758958522,-936.210572001135,3420,1,56.063,0.0
3511,,,,1067.0,350.462758958522,-935.210572001135,3421,1,56.055,0.0
3512,,,,1065.0,351.462758958522,-934.210572001135,3422,1,56.044,0.0
3513,,,,1063.0,352.462758958522,-933.210572001135,3423,1,56.033,0.0
3514,,,,1060.0,353.462758958522,-932.210572001135,3424,1,56.024,0.0
3515,,,,1059.0,354.462758958522,-931.210572001135,3425,1,56.012,0.0
3516,,,,1057.0,355.462758958522,-930.210572001135,3426,1,56.001,0.0
3517,,,,1056.0,356.462758958522,-929.210572001135,3427,1,55.993,0.0
3518,,,,1055.0,357.462758958522,-928.210572001135,3428,1,55.982,0.0
3519,,,,1054.0,358.462758958522,-927.210572001135,3429,1,55.972,0.0
3520,,,,1052.0,359.462758958522,-926.210572001135,3430,1,55.963,0.0
3521,,,,1048.0,360.462758958522,-925.210572001135,3431,1,55.952,0.0
3522,,,,1046.0,361.462758958522,-924.210572001135,3432,1,55.94,0.0
3523,,,,1044.0,362.462758958522,-923.210572001135,3433,1,55.931,0.0
3524,,,,1041.0,363.462758958522,-922.210572001135,3434,1,55.922,0.0
3525,,,,1040.0,364.462758958522,-921.210572001135,3435,1,55.911,0.0
3526,,,,1039.0,365.462758958522,-920.210572001135,3436,1,55.904,0.0
3527,,,,1037.0,366.462758958522,-919.210572001135,3437,1,55.894,0.0
3528,,,,1035.0,367.462758958522,-918.210572001135,3438,1,55.887,0.0
3529,,,,1033.0,368.462758958522,-917.210572001135,3439,1,55.876,0.0
3530,,,,1031.0,369.462758958522,-916.210572001135,3440,1,55.865,0.0
3531,,,,1028.0,370.462758958522,-915.210572001135,3441,1,55.855,0.0
3532,,,,1027.0,371.462758958522,-914.210572001135,3442,1,55.844,0.0
3533,,,,1026.0,372.462758958522,-913.210572001135,3443,1,55.833,0.0
3534,,,,1025.0,373.462758958522,-912.210572001135,3444,1,55.82,0.0
3535,,,,1024.0,374.462758958522,-911.210572001135,3445,1,55.809,0.0
3536,,,,1021.0,375.462758958522,-910.210572001135,3446,1,55.798,0.0
3537,,,,1018.0,376.462758958522,-909.210572001135,3447,1,55.786,0.0
3538,,,,1016.0,377.462758958522,-908.210572001135,3448,1,55.772,0.0
3539,,,,1015.0,378.462758958522,-907.210572001135,3449,1,55.76,0.0
3540,,,,1016.0,379.462758958522,-906.210572001135,3450,1,55.75,0.0
3541,,,,1017.0,380.462758958522,-905.210572001135,3451,1,55.743,0.0
3542,,,,1019.0,381.462758958522,-904.210572001135,3452,1,55.74,0.0
3543,,,,1019.0,382.462758958522,-903.210572001135,3453,1,55.733,0.0
3544,,,,1018.0,383.462758958522,-902.210572001135,3454,1,55.726,0.0
3545,,,,1016.0,384.462758958522,-901.210572001135,3455,1,55.719,0.0
3546,,,,1014.0,385.462758958522,-900.210572001135,3456,1,55.713,0.0
3547,,,,1014.0,386.462758958522,-899.210572001135,3457,1,55.707,0.0
3548,,,,1014.0,387.462758958522,-898.210572001135,3458,1,55.701,0.0
3549,,,,1014.0,388.462758958522,-897.210572001135,3459,1,55.696,0.0
3550,,,,1016.0,389.462758958522,-896.210572001135,3460,1,55.692,0.0
3551,,,,1016.0,390.462758958522,-895.210572001135,3461,1,55.684,0.0
3552,,,,1018.0,391.462758958522,-894.210572001135,3462,1,55.677,0.0
3553,,,,1019.0,392.462758958522,-893.210572001135,3463,1,55.668,0.0
3554,,,,1021.0,393.462758958522,-892.210572001135,3464,1,55.662,0.0
3555,,,,1022.0,394.462758958522,-891.210572001135,3465,1,55.656,0.0
3556,,,,1023.0,395.462758958522,-890.210572001135,3466,1,55.652,0.0
3557,,,,1022.0,396.462758958522,-889.210572001135,3467,1,55.651,0.0
3564,,,,1005.0,403.462758958522,-882.210572001135,3474,1,55.643,0.0
3565,,,,1004.0,404.462758958522,-881.210572001135,3475,1,55.637,0.0
3566,,,,1002.0,405.462758958522,-880.210572001135,3476,1,55.631,0.0
3567,,,,999.0,406.462758958522,-879.210572001135,3477,1,55.624,0.0
3568,,,,996.0,407.462758958522,-878.210572001135,3478,1,55.617,0.0
3569,,,,993.0,408.462758958522,-877.210572001135,3479,1,55.608,0.0
3570,,,,990.0,409.462758958522,-876.210572001135,3480,1,55.6,0.0
3571,,,,987.0,410.462758958522,-875.210572001135,3481,1,55.593,0.0
3572,,,,985.0,411.462758958522,-874.210572001135,3482,1,55.589,0.0
3573,,,,983.0,412.462758958522,-873.210572001135,3483,1,55.588,0.0
3574,,,,982.0,413.462758958522,-872.210572001135,3484,1,55.584,0.0
3575,,,,982.0,414.462758958522,-871.210572001135,3485,1,55.583,0.0
3577,,,,980.0,416.462758958522,-869.210572001135,3487,1,55.579,0.0
3578,,,,977.0,417.462758958522,-868.210572001135,3488,1,55.574,0.0
3579,,,,974.0,418.462758958522,-867.210572001135,3489,1,55.567,0.0
3580,,,,972.0,419.462758958522,-866.210572001135,3490,1,55.561,0.0
3581,,,,970.0,420.462758958522,-865.210572001135,3491,1,55.557,0.0
3582,,,,969.0,421.462758958522,-864.210572001135,3492,1,55.552,0.0
3583,,,,968.0,422.462758958522,-863.210572001135,3493,1,55.55,0.0
3584,,,,967.0,423.462758958522,-862.210572001135,3494,1,55.543,0.0
3585,,,,966.0,424.462758958522,-861.210572001135,3495,1,55.537,0.0
3586,,,,963.0,425.462758958522,-860.210572001135,3496,1,55.532,0.0
3587,,,,960.0,426.462758958522,-859.210572001135,3497,1,55.53,0.0
3588,,,,956.0,427.462758958522,-858.210572001135,3498,1,55.523,0.0
3589,,,,952.0,428.462758958522,-857.210572001135,3499,1,55.521,0.0
3590,,,,950.0,429.462758958522,-856.210572001135,3500,1,55.515,0.0
3591,,,,948.0,430.462758958522,-855.210572001135,3501,1,55.512,0.0
3592,,,,947.0,431.462758958522,-854.210572001135,3502,1,55.51,0.0
3594,,,,945.0,433.462758958522,-852.210572001135,3504,1,55.507,0.0
3595,,,,942.0,434.462758958522,-851.210572001135,3505,1,55.504,0.0
3596,,,,939.0,435.462758958522,-850.210572001135,3506,1,55.502,0.0
3598,,,,932.0,437.462758958522,-848.210572001135,3508,1,55.499,0.0
3599,,,,931.0,438.462758958522,-847.210572001135,3509,1,55.497,0.0
3601,,,,928.0,440.462758958522,-845.210572001135,3511,1,55.492,0.0
3602,,,,927.0,441.462758958522,-844.210572001135,3512,1,55.488,0.0
3603,,,,926.0,442.462758958522,-843.210572001135,3513,1,55.482,0.0
3604,,,,924.0,443.462758958522,-842.210572001135,3514,1,55.476,0.0
3605,,,,921.0,444.462758958522,-841.210572001135,3515,1,55.465,0.0
3606,,,,918.0,445.462758958522,-840.210572001135,3516,1,55.455,0.0
3607,,,,915.0,446.462758958522,-839.210572001135,3517,1,55.442,0.0
3608,,,,913.0,447.462758958522,-838.210572001135,3518,1,55.426,0.0
3609,,,,910.0,448.462758958522,-837.210572001135,3519,1,55.413,0.0
3610,,,,908.0,449.462758958522,-836.210572001135,1,3,55.403,498.0766509673766
3611,,,,906.0,450.462758958522,-835.210572001135,2,3,55.391,598.9028509926285
3612,,,,904.0,451.462758958522,-834.210572001135,3,3,55.381,500.0943273534345
3613,,,,902.0,452.462758958522,-833.210572001135,4,3,55.372,451.00447148641575
3614,,,,900.0,453.462758958522,-832.210572001135,5,3,55.366,301.29335400930427
3615,,,,898.0,454.462758958522,-831.210572001135,6,3,55.355,553.5042824812518
3616,,,,895.0,455.462758958522,-830.210572001135,7,3,55.347,403.36510673758687
3617,,,,893.0,456.462758958522,-829.210572001135,8,3,55.34,353.6714538057872
3618,,,,891.0,457.462758958522,-828.210572001135,9,3,55.334,303.7754003098643
3619,,,,888.0,458.462758958522,-827.210572001135,10,3,55.333,50.73669814590502
3620,,,,885.0,459.462758958522,-826.210572001135,11,3,55.331,101.69197351453475
3621,,,,883.0,460.462758958522,-825.210572001135,12,3,55.33,50.95526936935231
3622,,,,880.0,461.462758958522,-824.210572001135,13,3,55.329,51.065007443472076
3623,,,,879.0,462.462758958522,-823.210572001135,14,3,55.328,51.174741517953905
3624,,,,877.0,463.462758958522,-822.210572001135,15,3,55.327,51.284471592800124
3625,,,,875.0,464.462758958522,-821.210572001135,16,3,55.326,51.394197666917556
3644,,,,878.0,483.462758958522,-802.210572001135,35,3,55.32,320.9593225663599
3660,,,,905.0,499.462758958522,-786.210572001135,51,3,55.317,165.77718378868826
3661,,,,907.0,500.462758958522,-785.210572001135,52,3,55.305,664.3462958581406
3662,,,,908.0,501.462758958522,-784.210572001135,53,3,55.298,388.2429987035092
3663,,,,909.0,502.462758958522,-783.210572001135,54,3,55.286,666.7721008400556
3664,,,,911.0,503.462758958522,-782.210572001135,55,3,55.275,612.2968070254997
3665,,,,913.0,504.462758958522,-781.210572001135,56,3,55.269,334.5919873578778
3666,,,,914.0,505.462758958522,-780.210572001135,57,3,55.265,223.4832823947612
3683,,,,935.0,522.462758958522,-763.210572001135,74,3,55.261,230.9828755864704
3684,,,,935.0,523.462758958522,-762.210572001135,75,3,55.253,462.7997067484914
3685,,,,936.0,524.462758958522,-761.210572001135,76,3,55.242,637.4556380625022
3686,,,,936.0,525.462758958522,-760.210572001135,77,3,55.23,696.5870628920165
3687,,,,938.0,526.462758958522,-759.210572001135,78,3,55.225,290.7522202035533
3688,,,,939.0,527.462758958522,-758.210572001135,79,3,55.221,233.02460750401647
3705,,,,945.0,544.462758958522,-741.210572001135,96,3,55.214,420.8942134989642
3706,,,,944.0,545.462758958522,-740.210572001135,97,3,55.203,662.5119760148942
3707,,,,945.0,546.462758958522,-739.210572001135,98,3,55.191,723.9145177496324
3708,,,,945.0,547.462758958522,-738.210572001135,99,3,55.176,906.3273347696625
3709,,,,946.0,548.462758958522,-737.210572001135,100,3,55.163,786.7188206897332
3710,,,,947.0,549.462758958522,-736.210572001135,101,3,55.152,666.753826799341
3711,,,,948.0,550.462758958522,-735.210572001135,102,3,55.141,667.834079812104
3712,,,,949.0,551.462758958522,-734.210572001135,103,3,55.13,668.9138488240043
3713,,,,950.0,552.462758958522,-733.210572001135,104,3,55.115,913.5938529207687
3714,,,,951.0,553.462758958522,-732.210572001135,105,3,55.104,671.0232301263127
3715,,,,953.0,554.462758958522,-731.210572001135,106,3,55.093,672.1014591382109
3716,,,,954.0,555.462758958522,-730.210572001135,107,3,55.085,489.5982068524199
3717,,,,956.0,556.462758958522,-729.210572001135,108,3,55.081,245.21310521356227
3730,,,,971.0,569.462758958522,-716.210572001135,121,3,55.07,689.9958159826165
3731,,,,971.0,570.462758958522,-715.210572001135,122,3,55.057,816.7035793256092
3732,,,,971.0,571.462758958522,-714.210572001135,123,3,55.046,692.117405645887
3733,,,,971.0,572.462758958522,-713.210572001135,124,3,55.035,693.1900026582192
3734,,,,972.0,573.462758958522,-712.210572001135,125,3,55.023,757.3699719050645
3735,,,,973.0,574.462758958522,-711.210572001135,126,3,55.014,568.9094274676916
3736,,,,975.0,575.462758958522,-710.210572001135,127,3,55.012,126.63173103449546
3751,,,,988.0,590.462758958522,-695.210572001135,142,3,55.007,324.8106113894543
3752,,,,989.0,591.462758958522,-694.210572001135,143,3,54.99,1106.0051946514632
3753,,,,989.0,592.462758958522,-693.210572001135,144,3,54.979,716.6779085391883
3754,,,,990.0,593.462758958522,-692.210572001135,145,3,54.97,587.2557319625971
3755,,,,990.0,594.462758958522,-691.210572001135,146,3,54.958,784.1772260015387
3756,,,,990.0,595.462758958522,-690.210572001135,147,3,54.951,458.1270146204677
3757,,,,990.0,596.462758958522,-689.210572001135,148,3,54.94,721.004779492003
3758,,,,991.0,597.462758958522,-688.210572001135,149,3,54.925,984.6036901947076
3759,,,,992.0,598.462758958522,-687.210572001135,150,3,54.914,723.0800607934121
3760,,,,994.0,599.462758958522,-686.210572001135,151,3,54.906,526.664001510775
3761,,,,995.0,600.462758958522,-685.210572001135,152,3,54.901,329.67507086449234
3762,,,,995.0,601.462758958522,-684.210572001135,153,3,54.895,396.22923049567436
3777,,,,998.0,616.462758958522,-669.210572001135,168,3,54.89,338.3918199614798
3778,,,,997.0,617.462758958522,-668.210572001135,169,3,54.879,745.5609654694869
3779,,,,997.0,618.462758958522,-667.210572001135,170,3,54.868,746.6187564813368
3780,,,,997.0,619.462758958522,-666.210572001135,171,3,54.857,747.6760634941514
3781,,,,997.0,620.462758958522,-665.210572001135,172,3,54.842,1020.9621629249024
3782,,,,998.0,621.462758958522,-664.210572001135,173,3,54.831,749.7345367955435
3783,,,,998.0,622.462758958522,-663.210572001135,174,3,54.82,750.79030380836
3784,,,,999.0,623.462758958522,-662.210572001135,175,3,54.808,820.1877040692893
3785,,,,999.0,624.462758958522,-661.210572001135,176,3,54.795,889.7588930115733
3786,,,,1000.0,625.462758958522,-660.210572001135,177,3,54.784,753.9134203032656
3787,,,,1001.0,626.462758958522,-659.210572001135,178,3,54.778,411.81907678209717
3788,,,,1001.0,627.462758958522,-658.210572001135,179,3,54.773,343.69586353301264
4040,,,,1482.0,879.462758958522,-406.210572001135,431,3,54.764,867.0034100523895
4041,,,,1481.0,880.462758958522,-405.210572001135,432,3,54.753,1060.6820397017336
4042,,,,1481.0,881.462758958522,-404.210572001135,433,3,54.742,1061.673412714066
4043,,,,1482.0,882.462758958522,-403.210572001135,434,3,54.729,1255.8530489171476
4044,,,,1483.0,883.462758958522,-402.210572001135,435,3,54.717,1160.2975814037368
4045,,,,1485.0,884.462758958522,-401.210572001135,436,3,54.706,1064.5862532082838
4046,,,,1486.0,885.462758958522,-400.210572001135,437,3,54.697,871.8505399650858
4047,,,,1485.0,886.462758958522,-399.210572001135,438,3,54.686,1066.6035155950303
4048,,,,1481.0,887.462758958522,-398.210572001135,439,3,54.675,1067.5919626073626
4049,,,,1477.0,888.462758958522,-397.210572001135,440,3,54.662,1262.8440847910408
4050,,,,1473.0,889.462758958522,-396.210572001135,441,3,54.651,1069.5282682699421
4051,,,,1470.0,890.462758958522,-395.210572001135,442,3,54.637,1362.4365160151076
4052,,,,1470.0,891.462758958522,-394.210572001135,443,3,54.626,1071.4428497532062
4053,,,,1470.0,892.462758958522,-393.210572001135,444,3,54.615,1072.4287667648457
4054,,,,1468.0,893.462758958522,-392.210572001135,445,3,54.602,1268.5571878877581
4055,,,,1466.0,894.462758958522,-391.210572001135,446,3,54.591,1074.3597924281148
4056,,,,1465.0,895.462758958522,-390.210572001135,447,3,54.577,1368.5822985800585
4057,,,,1462.0,896.462758958522,-389.210572001135,448,3,54.564,1271.9309456812132
4058,,,,1460.0,897.462758958522,-388.210572001135,449,3,54.55,1370.9605207342863
4059,,,,1459.0,898.462758958522,-387.210572001135,450,3,54.537,1274.137890824424
4060,,,,1458.0,899.462758958522,-386.210572001135,451,3,54.522,1471.4176354389176
4061,,,,1456.0,900.462758958522,-385.210572001135,452,3,54.509,1276.3186159359018
4062,,,,1455.0,901.462758958522,-384.210572001135,453,3,54.498,1080.9232606239814
4062,,,,1455.0,901.462758958522,-384.210572001135,453,3,54.498,1.7798351311044175e7
